image,run,status,tag_id,conf,x_m,y_m,z_m,roll_deg,pitch_deg,yaw_deg,qw,qx,qy,qz,eu_px,ev_px
frame_000002.jpg,1,NOT DETECTED,,,,,,,,,,,,,,
frame_000002.jpg,2,NOT DETECTED,,,,,,,,,,,,,,
frame_000002.jpg,3,NOT DETECTED,,,,,,,,,,,,,,
frame_000002.jpg,4,NOT DETECTED,,,,,,,,,,,,,,
frame_000002.jpg,5,NOT DETECTED,,,,,,,,,,,,,,
frame_000004.jpg,1,NOT DETECTED,,,,,,,,,,,,,,
frame_000004.jpg,2,NOT DETECTED,,,,,,,,,,,,,,
frame_000004.jpg,3,NOT DETECTED,,,,,,,,,,,,,,
frame_000004.jpg,4,NOT DETECTED,,,,,,,,,,,,,,
frame_000004.jpg,5,NOT DETECTED,,,,,,,,,,,,,,
frame_000006.jpg,1,NOT DETECTED,,,,,,,,,,,,,,
frame_000006.jpg,2,NOT DETECTED,,,,,,,,,,,,,,
frame_000006.jpg,3,NOT DETECTED,,,,,,,,,,,,,,
frame_000006.jpg,4,NOT DETECTED,,,,,,,,,,,,,,
frame_000006.jpg,5,NOT DETECTED,,,,,,,,,,,,,,
frame_000008.jpg,1,NOT DETECTED,,,,,,,,,,,,,,
frame_000008.jpg,2,NOT DETECTED,,,,,,,,,,,,,,
frame_000008.jpg,3,NOT DETECTED,,,,,,,,,,,,,,
frame_000008.jpg,4,NOT DETECTED,,,,,,,,,,,,,,
frame_000008.jpg,5,NOT DETECTED,,,,,,,,,,,,,,
frame_000010.jpg,1,NOT DETECTED,,,,,,,,,,,,,,
frame_000010.jpg,2,NOT DETECTED,,,,,,,,,,,,,,
frame_000010.jpg,3,NOT DETECTED,,,,,,,,,,,,,,
frame_000010.jpg,4,NOT DETECTED,,,,,,,,,,,,,,
frame_000010.jpg,5,NOT DETECTED,,,,,,,,,,,,,,
frame_000012.jpg,1,NOT DETECTED,,,,,,,,,,,,,,
frame_000012.jpg,2,NOT DETECTED,,,,,,,,,,,,,,
frame_000012.jpg,3,NOT DETECTED,,,,,,,,,,,,,,
frame_000012.jpg,4,NOT DETECTED,,,,,,,,,,,,,,
frame_000012.jpg,5,NOT DETECTED,,,,,,,,,,,,,,
frame_000014.jpg,1,NOT DETECTED,,,,,,,,,,,,,,
frame_000014.jpg,2,NOT DETECTED,,,,,,,,,,,,,,
frame_000014.jpg,3,NOT DETECTED,,,,,,,,,,,,,,
frame_000014.jpg,4,NOT DETECTED,,,,,,,,,,,,,,
frame_000014.jpg,5,NOT DETECTED,,,,,,,,,,,,,,
frame_000016.jpg,1,NOT DETECTED,,,,,,,,,,,,,,
frame_000016.jpg,2,NOT DETECTED,,,,,,,,,,,,,,
frame_000016.jpg,3,NOT DETECTED,,,,,,,,,,,,,,
frame_000016.jpg,4,NOT DETECTED,,,,,,,,,,,,,,
frame_000016.jpg,5,NOT DETECTED,,,,,,,,,,,,,,
frame_000018.jpg,1,NOT DETECTED,,,,,,,,,,,,,,
frame_000018.jpg,2,NOT DETECTED,,,,,,,,,,,,,,
frame_000018.jpg,3,NOT DETECTED,,,,,,,,,,,,,,
frame_000018.jpg,4,NOT DETECTED,,,,,,,,,,,,,,
frame_000018.jpg,5,NOT DETECTED,,,,,,,,,,,,,,
frame_000020.jpg,1,NOT DETECTED,,,,,,,,,,,,,,
frame_000020.jpg,2,NOT DETECTED,,,,,,,,,,,,,,
frame_000020.jpg,3,NOT DETECTED,,,,,,,,,,,,,,
frame_000020.jpg,4,NOT DETECTED,,,,,,,,,,,,,,
frame_000020.jpg,5,NOT DETECTED,,,,,,,,,,,,,,
frame_000022.jpg,1,NOT DETECTED,,,,,,,,,,,,,,
frame_000022.jpg,2,NOT DETECTED,,,,,,,,,,,,,,
frame_000022.jpg,3,NOT DETECTED,,,,,,,,,,,,,,
frame_000022.jpg,4,NOT DETECTED,,,,,,,,,,,,,,
frame_000022.jpg,5,NOT DETECTED,,,,,,,,,,,,,,
frame_000024.jpg,1,NOT DETECTED,,,,,,,,,,,,,,
frame_000024.jpg,2,NOT DETECTED,,,,,,,,,,,,,,
frame_000024.jpg,3,NOT DETECTED,,,,,,,,,,,,,,
frame_000024.jpg,4,NOT DETECTED,,,,,,,,,,,,,,
frame_000024.jpg,5,NOT DETECTED,,,,,,,,,,,,,,
frame_000026.jpg,1,NOT DETECTED,,,,,,,,,,,,,,
frame_000026.jpg,2,NOT DETECTED,,,,,,,,,,,,,,
frame_000026.jpg,3,NOT DETECTED,,,,,,,,,,,,,,
frame_000026.jpg,4,NOT DETECTED,,,,,,,,,,,,,,
frame_000026.jpg,5,NOT DETECTED,,,,,,,,,,,,,,
frame_000028.jpg,1,NOT DETECTED,,,,,,,,,,,,,,
frame_000028.jpg,2,NOT DETECTED,,,,,,,,,,,,,,
frame_000028.jpg,3,NOT DETECTED,,,,,,,,,,,,,,
frame_000028.jpg,4,NOT DETECTED,,,,,,,,,,,,,,
frame_000028.jpg,5,NOT DETECTED,,,,,,,,,,,,,,
frame_000030.jpg,1,NOT DETECTED,,,,,,,,,,,,,,
frame_000030.jpg,2,NOT DETECTED,,,,,,,,,,,,,,
frame_000030.jpg,3,NOT DETECTED,,,,,,,,,,,,,,
frame_000030.jpg,4,NOT DETECTED,,,,,,,,,,,,,,
frame_000030.jpg,5,NOT DETECTED,,,,,,,,,,,,,,
frame_000032.jpg,1,NOT DETECTED,,,,,,,,,,,,,,
frame_000032.jpg,2,NOT DETECTED,,,,,,,,,,,,,,
frame_000032.jpg,3,NOT DETECTED,,,,,,,,,,,,,,
frame_000032.jpg,4,NOT DETECTED,,,,,,,,,,,,,,
frame_000032.jpg,5,NOT DETECTED,,,,,,,,,,,,,,
frame_000034.jpg,1,NOT DETECTED,,,,,,,,,,,,,,
frame_000034.jpg,2,NOT DETECTED,,,,,,,,,,,,,,
frame_000034.jpg,3,NOT DETECTED,,,,,,,,,,,,,,
frame_000034.jpg,4,NOT DETECTED,,,,,,,,,,,,,,
frame_000034.jpg,5,NOT DETECTED,,,,,,,,,,,,,,
frame_000036.jpg,1,NOT DETECTED,,,,,,,,,,,,,,
frame_000036.jpg,2,NOT DETECTED,,,,,,,,,,,,,,
frame_000036.jpg,3,NOT DETECTED,,,,,,,,,,,,,,
frame_000036.jpg,4,NOT DETECTED,,,,,,,,,,,,,,
frame_000036.jpg,5,NOT DETECTED,,,,,,,,,,,,,,
frame_000038.jpg,1,NOT DETECTED,,,,,,,,,,,,,,
frame_000038.jpg,2,NOT DETECTED,,,,,,,,,,,,,,
frame_000038.jpg,3,NOT DETECTED,,,,,,,,,,,,,,
frame_000038.jpg,4,NOT DETECTED,,,,,,,,,,,,,,
frame_000038.jpg,5,NOT DETECTED,,,,,,,,,,,,,,
frame_000040.jpg,1,NOT DETECTED,,,,,,,,,,,,,,
frame_000040.jpg,2,NOT DETECTED,,,,,,,,,,,,,,
frame_000040.jpg,3,NOT DETECTED,,,,,,,,,,,,,,
frame_000040.jpg,4,NOT DETECTED,,,,,,,,,,,,,,
frame_000040.jpg,5,NOT DETECTED,,,,,,,,,,,,,,
frame_000042.jpg,1,NOT DETECTED,,,,,,,,,,,,,,
frame_000042.jpg,2,NOT DETECTED,,,,,,,,,,,,,,
frame_000042.jpg,3,NOT DETECTED,,,,,,,,,,,,,,
frame_000042.jpg,4,NOT DETECTED,,,,,,,,,,,,,,
frame_000042.jpg,5,NOT DETECTED,,,,,,,,,,,,,,
frame_000044.jpg,1,NOT DETECTED,,,,,,,,,,,,,,
frame_000044.jpg,2,NOT DETECTED,,,,,,,,,,,,,,
frame_000044.jpg,3,NOT DETECTED,,,,,,,,,,,,,,
frame_000044.jpg,4,NOT DETECTED,,,,,,,,,,,,,,
frame_000044.jpg,5,NOT DETECTED,,,,,,,,,,,,,,
frame_000046.jpg,1,NOT DETECTED,,,,,,,,,,,,,,
frame_000046.jpg,2,NOT DETECTED,,,,,,,,,,,,,,
frame_000046.jpg,3,NOT DETECTED,,,,,,,,,,,,,,
frame_000046.jpg,4,NOT DETECTED,,,,,,,,,,,,,,
frame_000046.jpg,5,NOT DETECTED,,,,,,,,,,,,,,
frame_000048.jpg,1,NOT DETECTED,,,,,,,,,,,,,,
frame_000048.jpg,2,NOT DETECTED,,,,,,,,,,,,,,
frame_000048.jpg,3,NOT DETECTED,,,,,,,,,,,,,,
frame_000048.jpg,4,NOT DETECTED,,,,,,,,,,,,,,
frame_000048.jpg,5,NOT DETECTED,,,,,,,,,,,,,,
frame_000050.jpg,1,NOT DETECTED,,,,,,,,,,,,,,
frame_000050.jpg,2,NOT DETECTED,,,,,,,,,,,,,,
frame_000050.jpg,3,NOT DETECTED,,,,,,,,,,,,,,
frame_000050.jpg,4,NOT DETECTED,,,,,,,,,,,,,,
frame_000050.jpg,5,NOT DETECTED,,,,,,,,,,,,,,
frame_000052.jpg,1,NOT DETECTED,,,,,,,,,,,,,,
frame_000052.jpg,2,NOT DETECTED,,,,,,,,,,,,,,
frame_000052.jpg,3,NOT DETECTED,,,,,,,,,,,,,,
frame_000052.jpg,4,NOT DETECTED,,,,,,,,,,,,,,
frame_000052.jpg,5,NOT DETECTED,,,,,,,,,,,,,,
frame_000054.jpg,1,NOT DETECTED,,,,,,,,,,,,,,
frame_000054.jpg,2,NOT DETECTED,,,,,,,,,,,,,,
frame_000054.jpg,3,NOT DETECTED,,,,,,,,,,,,,,
frame_000054.jpg,4,NOT DETECTED,,,,,,,,,,,,,,
frame_000054.jpg,5,NOT DETECTED,,,,,,,,,,,,,,
frame_000056.jpg,1,NOT DETECTED,,,,,,,,,,,,,,
frame_000056.jpg,2,NOT DETECTED,,,,,,,,,,,,,,
frame_000056.jpg,3,NOT DETECTED,,,,,,,,,,,,,,
frame_000056.jpg,4,NOT DETECTED,,,,,,,,,,,,,,
frame_000056.jpg,5,NOT DETECTED,,,,,,,,,,,,,,
frame_000058.jpg,1,NOT DETECTED,,,,,,,,,,,,,,
frame_000058.jpg,2,NOT DETECTED,,,,,,,,,,,,,,
frame_000058.jpg,3,NOT DETECTED,,,,,,,,,,,,,,
frame_000058.jpg,4,NOT DETECTED,,,,,,,,,,,,,,
frame_000058.jpg,5,NOT DETECTED,,,,,,,,,,,,,,
frame_000060.jpg,1,NOT DETECTED,,,,,,,,,,,,,,
frame_000060.jpg,2,NOT DETECTED,,,,,,,,,,,,,,
frame_000060.jpg,3,NOT DETECTED,,,,,,,,,,,,,,
frame_000060.jpg,4,NOT DETECTED,,,,,,,,,,,,,,
frame_000060.jpg,5,NOT DETECTED,,,,,,,,,,,,,,
frame_000062.jpg,1,NOT DETECTED,,,,,,,,,,,,,,
frame_000062.jpg,2,NOT DETECTED,,,,,,,,,,,,,,
frame_000062.jpg,3,NOT DETECTED,,,,,,,,,,,,,,
frame_000062.jpg,4,NOT DETECTED,,,,,,,,,,,,,,
frame_000062.jpg,5,NOT DETECTED,,,,,,,,,,,,,,
frame_000064.jpg,1,NOT DETECTED,,,,,,,,,,,,,,
frame_000064.jpg,2,NOT DETECTED,,,,,,,,,,,,,,
frame_000064.jpg,3,NOT DETECTED,,,,,,,,,,,,,,
frame_000064.jpg,4,NOT DETECTED,,,,,,,,,,,,,,
frame_000064.jpg,5,NOT DETECTED,,,,,,,,,,,,,,
frame_000066.jpg,1,NOT DETECTED,,,,,,,,,,,,,,
frame_000066.jpg,2,NOT DETECTED,,,,,,,,,,,,,,
frame_000066.jpg,3,NOT DETECTED,,,,,,,,,,,,,,
frame_000066.jpg,4,NOT DETECTED,,,,,,,,,,,,,,
frame_000066.jpg,5,NOT DETECTED,,,,,,,,,,,,,,
frame_000068.jpg,1,NOT DETECTED,,,,,,,,,,,,,,
frame_000068.jpg,2,NOT DETECTED,,,,,,,,,,,,,,
frame_000068.jpg,3,NOT DETECTED,,,,,,,,,,,,,,
frame_000068.jpg,4,NOT DETECTED,,,,,,,,,,,,,,
frame_000068.jpg,5,NOT DETECTED,,,,,,,,,,,,,,
frame_000070.jpg,1,NOT DETECTED,,,,,,,,,,,,,,
frame_000070.jpg,2,NOT DETECTED,,,,,,,,,,,,,,
frame_000070.jpg,3,NOT DETECTED,,,,,,,,,,,,,,
frame_000070.jpg,4,NOT DETECTED,,,,,,,,,,,,,,
frame_000070.jpg,5,NOT DETECTED,,,,,,,,,,,,,,
frame_000072.jpg,1,NOT DETECTED,,,,,,,,,,,,,,
frame_000072.jpg,2,NOT DETECTED,,,,,,,,,,,,,,
frame_000072.jpg,3,NOT DETECTED,,,,,,,,,,,,,,
frame_000072.jpg,4,NOT DETECTED,,,,,,,,,,,,,,
frame_000072.jpg,5,NOT DETECTED,,,,,,,,,,,,,,
frame_000074.jpg,1,NOT DETECTED,,,,,,,,,,,,,,
frame_000074.jpg,2,NOT DETECTED,,,,,,,,,,,,,,
frame_000074.jpg,3,NOT DETECTED,,,,,,,,,,,,,,
frame_000074.jpg,4,NOT DETECTED,,,,,,,,,,,,,,
frame_000074.jpg,5,NOT DETECTED,,,,,,,,,,,,,,
frame_000076.jpg,1,NOT DETECTED,,,,,,,,,,,,,,
frame_000076.jpg,2,NOT DETECTED,,,,,,,,,,,,,,
frame_000076.jpg,3,NOT DETECTED,,,,,,,,,,,,,,
frame_000076.jpg,4,NOT DETECTED,,,,,,,,,,,,,,
frame_000076.jpg,5,NOT DETECTED,,,,,,,,,,,,,,
frame_000078.jpg,1,NOT DETECTED,,,,,,,,,,,,,,
frame_000078.jpg,2,NOT DETECTED,,,,,,,,,,,,,,
frame_000078.jpg,3,NOT DETECTED,,,,,,,,,,,,,,
frame_000078.jpg,4,NOT DETECTED,,,,,,,,,,,,,,
frame_000078.jpg,5,NOT DETECTED,,,,,,,,,,,,,,
frame_000080.jpg,1,NOT DETECTED,,,,,,,,,,,,,,
frame_000080.jpg,2,NOT DETECTED,,,,,,,,,,,,,,
frame_000080.jpg,3,NOT DETECTED,,,,,,,,,,,,,,
frame_000080.jpg,4,NOT DETECTED,,,,,,,,,,,,,,
frame_000080.jpg,5,NOT DETECTED,,,,,,,,,,,,,,
frame_000082.jpg,1,NOT DETECTED,,,,,,,,,,,,,,
frame_000082.jpg,2,NOT DETECTED,,,,,,,,,,,,,,
frame_000082.jpg,3,NOT DETECTED,,,,,,,,,,,,,,
frame_000082.jpg,4,NOT DETECTED,,,,,,,,,,,,,,
frame_000082.jpg,5,NOT DETECTED,,,,,,,,,,,,,,
frame_000084.jpg,1,NOT DETECTED,,,,,,,,,,,,,,
frame_000084.jpg,2,NOT DETECTED,,,,,,,,,,,,,,
frame_000084.jpg,3,NOT DETECTED,,,,,,,,,,,,,,
frame_000084.jpg,4,NOT DETECTED,,,,,,,,,,,,,,
frame_000084.jpg,5,NOT DETECTED,,,,,,,,,,,,,,
frame_000086.jpg,1,NOT DETECTED,,,,,,,,,,,,,,
frame_000086.jpg,2,NOT DETECTED,,,,,,,,,,,,,,
frame_000086.jpg,3,NOT DETECTED,,,,,,,,,,,,,,
frame_000086.jpg,4,NOT DETECTED,,,,,,,,,,,,,,
frame_000086.jpg,5,NOT DETECTED,,,,,,,,,,,,,,
frame_000088.jpg,1,NOT DETECTED,,,,,,,,,,,,,,
frame_000088.jpg,2,NOT DETECTED,,,,,,,,,,,,,,
frame_000088.jpg,3,NOT DETECTED,,,,,,,,,,,,,,
frame_000088.jpg,4,NOT DETECTED,,,,,,,,,,,,,,
frame_000088.jpg,5,NOT DETECTED,,,,,,,,,,,,,,
frame_000090.jpg,1,NOT DETECTED,,,,,,,,,,,,,,
frame_000090.jpg,2,NOT DETECTED,,,,,,,,,,,,,,
frame_000090.jpg,3,NOT DETECTED,,,,,,,,,,,,,,
frame_000090.jpg,4,NOT DETECTED,,,,,,,,,,,,,,
frame_000090.jpg,5,NOT DETECTED,,,,,,,,,,,,,,
frame_000092.jpg,1,NOT DETECTED,,,,,,,,,,,,,,
frame_000092.jpg,2,NOT DETECTED,,,,,,,,,,,,,,
frame_000092.jpg,3,NOT DETECTED,,,,,,,,,,,,,,
frame_000092.jpg,4,NOT DETECTED,,,,,,,,,,,,,,
frame_000092.jpg,5,NOT DETECTED,,,,,,,,,,,,,,
frame_000094.jpg,1,NOT DETECTED,,,,,,,,,,,,,,
frame_000094.jpg,2,NOT DETECTED,,,,,,,,,,,,,,
frame_000094.jpg,3,NOT DETECTED,,,,,,,,,,,,,,
frame_000094.jpg,4,NOT DETECTED,,,,,,,,,,,,,,
frame_000094.jpg,5,NOT DETECTED,,,,,,,,,,,,,,
frame_000096.jpg,1,NOT DETECTED,,,,,,,,,,,,,,
frame_000096.jpg,2,NOT DETECTED,,,,,,,,,,,,,,
frame_000096.jpg,3,NOT DETECTED,,,,,,,,,,,,,,
frame_000096.jpg,4,NOT DETECTED,,,,,,,,,,,,,,
frame_000096.jpg,5,NOT DETECTED,,,,,,,,,,,,,,
frame_000098.jpg,1,NOT DETECTED,,,,,,,,,,,,,,
frame_000098.jpg,2,NOT DETECTED,,,,,,,,,,,,,,
frame_000098.jpg,3,NOT DETECTED,,,,,,,,,,,,,,
frame_000098.jpg,4,NOT DETECTED,,,,,,,,,,,,,,
frame_000098.jpg,5,NOT DETECTED,,,,,,,,,,,,,,
frame_000100.jpg,1,NOT DETECTED,,,,,,,,,,,,,,
frame_000100.jpg,2,NOT DETECTED,,,,,,,,,,,,,,
frame_000100.jpg,3,NOT DETECTED,,,,,,,,,,,,,,
frame_000100.jpg,4,NOT DETECTED,,,,,,,,,,,,,,
frame_000100.jpg,5,NOT DETECTED,,,,,,,,,,,,,,
frame_000102.jpg,1,NOT DETECTED,,,,,,,,,,,,,,
frame_000102.jpg,2,NOT DETECTED,,,,,,,,,,,,,,
frame_000102.jpg,3,NOT DETECTED,,,,,,,,,,,,,,
frame_000102.jpg,4,NOT DETECTED,,,,,,,,,,,,,,
frame_000102.jpg,5,NOT DETECTED,,,,,,,,,,,,,,
frame_000104.jpg,1,NOT DETECTED,,,,,,,,,,,,,,
frame_000104.jpg,2,NOT DETECTED,,,,,,,,,,,,,,
frame_000104.jpg,3,NOT DETECTED,,,,,,,,,,,,,,
frame_000104.jpg,4,NOT DETECTED,,,,,,,,,,,,,,
frame_000104.jpg,5,NOT DETECTED,,,,,,,,,,,,,,
frame_000106.jpg,1,NOT DETECTED,,,,,,,,,,,,,,
frame_000106.jpg,2,NOT DETECTED,,,,,,,,,,,,,,
frame_000106.jpg,3,NOT DETECTED,,,,,,,,,,,,,,
frame_000106.jpg,4,NOT DETECTED,,,,,,,,,,,,,,
frame_000106.jpg,5,NOT DETECTED,,,,,,,,,,,,,,
frame_000108.jpg,1,NOT DETECTED,,,,,,,,,,,,,,
frame_000108.jpg,2,NOT DETECTED,,,,,,,,,,,,,,
frame_000108.jpg,3,NOT DETECTED,,,,,,,,,,,,,,
frame_000108.jpg,4,NOT DETECTED,,,,,,,,,,,,,,
frame_000108.jpg,5,NOT DETECTED,,,,,,,,,,,,,,
frame_000110.jpg,1,NOT DETECTED,,,,,,,,,,,,,,
frame_000110.jpg,2,NOT DETECTED,,,,,,,,,,,,,,
frame_000110.jpg,3,NOT DETECTED,,,,,,,,,,,,,,
frame_000110.jpg,4,NOT DETECTED,,,,,,,,,,,,,,
frame_000110.jpg,5,NOT DETECTED,,,,,,,,,,,,,,
frame_000112.jpg,1,NOT DETECTED,,,,,,,,,,,,,,
frame_000112.jpg,2,NOT DETECTED,,,,,,,,,,,,,,
frame_000112.jpg,3,NOT DETECTED,,,,,,,,,,,,,,
frame_000112.jpg,4,NOT DETECTED,,,,,,,,,,,,,,
frame_000112.jpg,5,NOT DETECTED,,,,,,,,,,,,,,
frame_000114.jpg,1,NOT DETECTED,,,,,,,,,,,,,,
frame_000114.jpg,2,NOT DETECTED,,,,,,,,,,,,,,
frame_000114.jpg,3,NOT DETECTED,,,,,,,,,,,,,,
frame_000114.jpg,4,NOT DETECTED,,,,,,,,,,,,,,
frame_000114.jpg,5,NOT DETECTED,,,,,,,,,,,,,,
frame_000116.jpg,1,NOT DETECTED,,,,,,,,,,,,,,
frame_000116.jpg,2,NOT DETECTED,,,,,,,,,,,,,,
frame_000116.jpg,3,NOT DETECTED,,,,,,,,,,,,,,
frame_000116.jpg,4,NOT DETECTED,,,,,,,,,,,,,,
frame_000116.jpg,5,NOT DETECTED,,,,,,,,,,,,,,
frame_000118.jpg,1,NOT DETECTED,,,,,,,,,,,,,,
frame_000118.jpg,2,NOT DETECTED,,,,,,,,,,,,,,
frame_000118.jpg,3,NOT DETECTED,,,,,,,,,,,,,,
frame_000118.jpg,4,NOT DETECTED,,,,,,,,,,,,,,
frame_000118.jpg,5,NOT DETECTED,,,,,,,,,,,,,,
frame_000120.jpg,1,NOT DETECTED,,,,,,,,,,,,,,
frame_000120.jpg,2,NOT DETECTED,,,,,,,,,,,,,,
frame_000120.jpg,3,NOT DETECTED,,,,,,,,,,,,,,
frame_000120.jpg,4,NOT DETECTED,,,,,,,,,,,,,,
frame_000120.jpg,5,NOT DETECTED,,,,,,,,,,,,,,
frame_000122.jpg,1,NOT DETECTED,,,,,,,,,,,,,,
frame_000122.jpg,2,NOT DETECTED,,,,,,,,,,,,,,
frame_000122.jpg,3,NOT DETECTED,,,,,,,,,,,,,,
frame_000122.jpg,4,NOT DETECTED,,,,,,,,,,,,,,
frame_000122.jpg,5,NOT DETECTED,,,,,,,,,,,,,,
frame_000124.jpg,1,DETECTED,0,83.1,-0.1994,-0.0036,0.4692,-5.54,-2.40,-176.46,-0.0299,0.0224,-0.0477,0.9982,-211.3,+1.7
frame_000124.jpg,2,DETECTED,0,83.1,-0.1994,-0.0036,0.4692,-5.54,-2.40,-176.46,-0.0299,0.0224,-0.0477,0.9982,-211.3,+1.7
frame_000124.jpg,3,DETECTED,0,83.1,-0.1994,-0.0036,0.4692,-5.54,-2.40,-176.46,-0.0299,0.0224,-0.0477,0.9982,-211.3,+1.7
frame_000124.jpg,4,DETECTED,0,83.1,-0.1994,-0.0036,0.4692,-5.54,-2.40,-176.46,-0.0299,0.0224,-0.0477,0.9982,-211.3,+1.7
frame_000124.jpg,5,DETECTED,0,83.1,-0.1994,-0.0036,0.4692,-5.54,-2.40,-176.46,-0.0299,0.0224,-0.0477,0.9982,-211.3,+1.7
frame_000126.jpg,1,NOT DETECTED,,,,,,,,,,,,,,
frame_000126.jpg,2,NOT DETECTED,,,,,,,,,,,,,,
frame_000126.jpg,3,NOT DETECTED,,,,,,,,,,,,,,
frame_000126.jpg,4,NOT DETECTED,,,,,,,,,,,,,,
frame_000126.jpg,5,NOT DETECTED,,,,,,,,,,,,,,
frame_000128.jpg,1,NOT DETECTED,,,,,,,,,,,,,,
frame_000128.jpg,2,NOT DETECTED,,,,,,,,,,,,,,
frame_000128.jpg,3,NOT DETECTED,,,,,,,,,,,,,,
frame_000128.jpg,4,NOT DETECTED,,,,,,,,,,,,,,
frame_000128.jpg,5,NOT DETECTED,,,,,,,,,,,,,,
frame_000130.jpg,1,NOT DETECTED,,,,,,,,,,,,,,
frame_000130.jpg,2,NOT DETECTED,,,,,,,,,,,,,,
frame_000130.jpg,3,NOT DETECTED,,,,,,,,,,,,,,
frame_000130.jpg,4,NOT DETECTED,,,,,,,,,,,,,,
frame_000130.jpg,5,NOT DETECTED,,,,,,,,,,,,,,
frame_000132.jpg,1,NOT DETECTED,,,,,,,,,,,,,,
frame_000132.jpg,2,NOT DETECTED,,,,,,,,,,,,,,
frame_000132.jpg,3,NOT DETECTED,,,,,,,,,,,,,,
frame_000132.jpg,4,NOT DETECTED,,,,,,,,,,,,,,
frame_000132.jpg,5,NOT DETECTED,,,,,,,,,,,,,,
frame_000134.jpg,1,NOT DETECTED,,,,,,,,,,,,,,
frame_000134.jpg,2,NOT DETECTED,,,,,,,,,,,,,,
frame_000134.jpg,3,NOT DETECTED,,,,,,,,,,,,,,
frame_000134.jpg,4,NOT DETECTED,,,,,,,,,,,,,,
frame_000134.jpg,5,NOT DETECTED,,,,,,,,,,,,,,
frame_000136.jpg,1,NOT DETECTED,,,,,,,,,,,,,,
frame_000136.jpg,2,NOT DETECTED,,,,,,,,,,,,,,
frame_000136.jpg,3,NOT DETECTED,,,,,,,,,,,,,,
frame_000136.jpg,4,NOT DETECTED,,,,,,,,,,,,,,
frame_000136.jpg,5,NOT DETECTED,,,,,,,,,,,,,,
frame_000138.jpg,1,NOT DETECTED,,,,,,,,,,,,,,
frame_000138.jpg,2,NOT DETECTED,,,,,,,,,,,,,,
frame_000138.jpg,3,NOT DETECTED,,,,,,,,,,,,,,
frame_000138.jpg,4,NOT DETECTED,,,,,,,,,,,,,,
frame_000138.jpg,5,NOT DETECTED,,,,,,,,,,,,,,
frame_000140.jpg,1,NOT DETECTED,,,,,,,,,,,,,,
frame_000140.jpg,2,NOT DETECTED,,,,,,,,,,,,,,
frame_000140.jpg,3,NOT DETECTED,,,,,,,,,,,,,,
frame_000140.jpg,4,NOT DETECTED,,,,,,,,,,,,,,
frame_000140.jpg,5,NOT DETECTED,,,,,,,,,,,,,,
frame_000142.jpg,1,NOT DETECTED,,,,,,,,,,,,,,
frame_000142.jpg,2,NOT DETECTED,,,,,,,,,,,,,,
frame_000142.jpg,3,NOT DETECTED,,,,,,,,,,,,,,
frame_000142.jpg,4,NOT DETECTED,,,,,,,,,,,,,,
frame_000142.jpg,5,NOT DETECTED,,,,,,,,,,,,,,
frame_000144.jpg,1,NOT DETECTED,,,,,,,,,,,,,,
frame_000144.jpg,2,NOT DETECTED,,,,,,,,,,,,,,
frame_000144.jpg,3,NOT DETECTED,,,,,,,,,,,,,,
frame_000144.jpg,4,NOT DETECTED,,,,,,,,,,,,,,
frame_000144.jpg,5,NOT DETECTED,,,,,,,,,,,,,,
frame_000146.jpg,1,NOT DETECTED,,,,,,,,,,,,,,
frame_000146.jpg,2,NOT DETECTED,,,,,,,,,,,,,,
frame_000146.jpg,3,NOT DETECTED,,,,,,,,,,,,,,
frame_000146.jpg,4,NOT DETECTED,,,,,,,,,,,,,,
frame_000146.jpg,5,NOT DETECTED,,,,,,,,,,,,,,
frame_000148.jpg,1,NOT DETECTED,,,,,,,,,,,,,,
frame_000148.jpg,2,NOT DETECTED,,,,,,,,,,,,,,
frame_000148.jpg,3,NOT DETECTED,,,,,,,,,,,,,,
frame_000148.jpg,4,NOT DETECTED,,,,,,,,,,,,,,
frame_000148.jpg,5,NOT DETECTED,,,,,,,,,,,,,,
frame_000150.jpg,1,NOT DETECTED,,,,,,,,,,,,,,
frame_000150.jpg,2,NOT DETECTED,,,,,,,,,,,,,,
frame_000150.jpg,3,NOT DETECTED,,,,,,,,,,,,,,
frame_000150.jpg,4,NOT DETECTED,,,,,,,,,,,,,,
frame_000150.jpg,5,NOT DETECTED,,,,,,,,,,,,,,
frame_000152.jpg,1,NOT DETECTED,,,,,,,,,,,,,,
frame_000152.jpg,2,NOT DETECTED,,,,,,,,,,,,,,
frame_000152.jpg,3,NOT DETECTED,,,,,,,,,,,,,,
frame_000152.jpg,4,NOT DETECTED,,,,,,,,,,,,,,
frame_000152.jpg,5,NOT DETECTED,,,,,,,,,,,,,,
frame_000154.jpg,1,NOT DETECTED,,,,,,,,,,,,,,
frame_000154.jpg,2,NOT DETECTED,,,,,,,,,,,,,,
frame_000154.jpg,3,NOT DETECTED,,,,,,,,,,,,,,
frame_000154.jpg,4,NOT DETECTED,,,,,,,,,,,,,,
frame_000154.jpg,5,NOT DETECTED,,,,,,,,,,,,,,
frame_000156.jpg,1,NOT DETECTED,,,,,,,,,,,,,,
frame_000156.jpg,2,NOT DETECTED,,,,,,,,,,,,,,
frame_000156.jpg,3,NOT DETECTED,,,,,,,,,,,,,,
frame_000156.jpg,4,NOT DETECTED,,,,,,,,,,,,,,
frame_000156.jpg,5,NOT DETECTED,,,,,,,,,,,,,,
frame_000158.jpg,1,NOT DETECTED,,,,,,,,,,,,,,
frame_000158.jpg,2,NOT DETECTED,,,,,,,,,,,,,,
frame_000158.jpg,3,NOT DETECTED,,,,,,,,,,,,,,
frame_000158.jpg,4,NOT DETECTED,,,,,,,,,,,,,,
frame_000158.jpg,5,NOT DETECTED,,,,,,,,,,,,,,
frame_000160.jpg,1,DETECTED,0,86.8,-0.1810,-0.0879,0.4746,-7.02,8.51,-179.94,-0.0050,-0.0740,-0.0611,0.9954,-189.0,-91.4
frame_000160.jpg,1,DETECTED,2,82.1,0.0472,0.1110,0.3319,81.09,-52.44,174.09,-0.2870,0.3187,-0.1541,0.6378,+75.0,+178.0
frame_000160.jpg,2,DETECTED,0,86.8,-0.1810,-0.0879,0.4746,-7.02,8.51,-179.94,-0.0050,-0.0740,-0.0611,0.9954,-189.0,-91.4
frame_000160.jpg,2,DETECTED,2,82.1,0.0472,0.1110,0.3319,81.09,-52.44,174.09,-0.2870,0.3187,-0.1541,0.6378,+75.0,+178.0
frame_000160.jpg,3,DETECTED,0,86.8,-0.1810,-0.0879,0.4746,-7.02,8.51,-179.94,-0.0050,-0.0740,-0.0611,0.9954,-189.0,-91.4
frame_000160.jpg,3,DETECTED,2,82.1,0.0472,0.1110,0.3319,81.09,-52.44,174.09,-0.2870,0.3187,-0.1541,0.6378,+75.0,+178.0
frame_000160.jpg,4,DETECTED,0,86.8,-0.1810,-0.0879,0.4746,-7.02,8.51,-179.94,-0.0050,-0.0740,-0.0611,0.9954,-189.0,-91.4
frame_000160.jpg,4,DETECTED,2,82.1,0.0472,0.1110,0.3319,81.09,-52.44,174.09,-0.2870,0.3187,-0.1541,0.6378,+75.0,+178.0
frame_000160.jpg,5,DETECTED,0,86.8,-0.1810,-0.0879,0.4746,-7.02,8.51,-179.94,-0.0050,-0.0740,-0.0611,0.9954,-189.0,-91.4
frame_000160.jpg,5,DETECTED,2,82.1,0.0472,0.1110,0.3319,81.09,-52.44,174.09,-0.2870,0.3187,-0.1541,0.6378,+75.0,+178.0
frame_000162.jpg,1,NOT DETECTED,,,,,,,,,,,,,,
frame_000162.jpg,2,NOT DETECTED,,,,,,,,,,,,,,
frame_000162.jpg,3,NOT DETECTED,,,,,,,,,,,,,,
frame_000162.jpg,4,NOT DETECTED,,,,,,,,,,,,,,
frame_000162.jpg,5,NOT DETECTED,,,,,,,,,,,,,,
frame_000164.jpg,1,NOT DETECTED,,,,,,,,,,,,,,
frame_000164.jpg,2,NOT DETECTED,,,,,,,,,,,,,,
frame_000164.jpg,3,NOT DETECTED,,,,,,,,,,,,,,
frame_000164.jpg,4,NOT DETECTED,,,,,,,,,,,,,,
frame_000164.jpg,5,NOT DETECTED,,,,,,,,,,,,,,
frame_000166.jpg,1,NOT DETECTED,,,,,,,,,,,,,,
frame_000166.jpg,2,NOT DETECTED,,,,,,,,,,,,,,
frame_000166.jpg,3,NOT DETECTED,,,,,,,,,,,,,,
frame_000166.jpg,4,NOT DETECTED,,,,,,,,,,,,,,
frame_000166.jpg,5,NOT DETECTED,,,,,,,,,,,,,,
frame_000168.jpg,1,NOT DETECTED,,,,,,,,,,,,,,
frame_000168.jpg,2,NOT DETECTED,,,,,,,,,,,,,,
frame_000168.jpg,3,NOT DETECTED,,,,,,,,,,,,,,
frame_000168.jpg,4,NOT DETECTED,,,,,,,,,,,,,,
frame_000168.jpg,5,NOT DETECTED,,,,,,,,,,,,,,
frame_000170.jpg,1,NOT DETECTED,,,,,,,,,,,,,,
frame_000170.jpg,2,NOT DETECTED,,,,,,,,,,,,,,
frame_000170.jpg,3,NOT DETECTED,,,,,,,,,,,,,,
frame_000170.jpg,4,NOT DETECTED,,,,,,,,,,,,,,
frame_000170.jpg,5,NOT DETECTED,,,,,,,,,,,,,,
frame_000172.jpg,1,NOT DETECTED,,,,,,,,,,,,,,
frame_000172.jpg,2,NOT DETECTED,,,,,,,,,,,,,,
frame_000172.jpg,3,NOT DETECTED,,,,,,,,,,,,,,
frame_000172.jpg,4,NOT DETECTED,,,,,,,,,,,,,,
frame_000172.jpg,5,NOT DETECTED,,,,,,,,,,,,,,
frame_000174.jpg,1,NOT DETECTED,,,,,,,,,,,,,,
frame_000174.jpg,2,NOT DETECTED,,,,,,,,,,,,,,
frame_000174.jpg,3,NOT DETECTED,,,,,,,,,,,,,,
frame_000174.jpg,4,NOT DETECTED,,,,,,,,,,,,,,
frame_000174.jpg,5,NOT DETECTED,,,,,,,,,,,,,,
frame_000176.jpg,1,NOT DETECTED,,,,,,,,,,,,,,
frame_000176.jpg,2,NOT DETECTED,,,,,,,,,,,,,,
frame_000176.jpg,3,NOT DETECTED,,,,,,,,,,,,,,
frame_000176.jpg,4,NOT DETECTED,,,,,,,,,,,,,,
frame_000176.jpg,5,NOT DETECTED,,,,,,,,,,,,,,
frame_000178.jpg,1,NOT DETECTED,,,,,,,,,,,,,,
frame_000178.jpg,2,NOT DETECTED,,,,,,,,,,,,,,
frame_000178.jpg,3,NOT DETECTED,,,,,,,,,,,,,,
frame_000178.jpg,4,NOT DETECTED,,,,,,,,,,,,,,
frame_000178.jpg,5,NOT DETECTED,,,,,,,,,,,,,,
frame_000180.jpg,1,NOT DETECTED,,,,,,,,,,,,,,
frame_000180.jpg,2,NOT DETECTED,,,,,,,,,,,,,,
frame_000180.jpg,3,NOT DETECTED,,,,,,,,,,,,,,
frame_000180.jpg,4,NOT DETECTED,,,,,,,,,,,,,,
frame_000180.jpg,5,NOT DETECTED,,,,,,,,,,,,,,
frame_000182.jpg,1,NOT DETECTED,,,,,,,,,,,,,,
frame_000182.jpg,2,NOT DETECTED,,,,,,,,,,,,,,
frame_000182.jpg,3,NOT DETECTED,,,,,,,,,,,,,,
frame_000182.jpg,4,NOT DETECTED,,,,,,,,,,,,,,
frame_000182.jpg,5,NOT DETECTED,,,,,,,,,,,,,,
frame_000184.jpg,1,NOT DETECTED,,,,,,,,,,,,,,
frame_000184.jpg,2,NOT DETECTED,,,,,,,,,,,,,,
frame_000184.jpg,3,NOT DETECTED,,,,,,,,,,,,,,
frame_000184.jpg,4,NOT DETECTED,,,,,,,,,,,,,,
frame_000184.jpg,5,NOT DETECTED,,,,,,,,,,,,,,
frame_000186.jpg,1,NOT DETECTED,,,,,,,,,,,,,,
frame_000186.jpg,2,NOT DETECTED,,,,,,,,,,,,,,
frame_000186.jpg,3,NOT DETECTED,,,,,,,,,,,,,,
frame_000186.jpg,4,NOT DETECTED,,,,,,,,,,,,,,
frame_000186.jpg,5,NOT DETECTED,,,,,,,,,,,,,,
frame_000188.jpg,1,NOT DETECTED,,,,,,,,,,,,,,
frame_000188.jpg,2,NOT DETECTED,,,,,,,,,,,,,,
frame_000188.jpg,3,NOT DETECTED,,,,,,,,,,,,,,
frame_000188.jpg,4,NOT DETECTED,,,,,,,,,,,,,,
frame_000188.jpg,5,NOT DETECTED,,,,,,,,,,,,,,
frame_000190.jpg,1,NOT DETECTED,,,,,,,,,,,,,,
frame_000190.jpg,2,NOT DETECTED,,,,,,,,,,,,,,
frame_000190.jpg,3,NOT DETECTED,,,,,,,,,,,,,,
frame_000190.jpg,4,NOT DETECTED,,,,,,,,,,,,,,
frame_000190.jpg,5,NOT DETECTED,,,,,,,,,,,,,,
frame_000192.jpg,1,NOT DETECTED,,,,,,,,,,,,,,
frame_000192.jpg,2,NOT DETECTED,,,,,,,,,,,,,,
frame_000192.jpg,3,NOT DETECTED,,,,,,,,,,,,,,
frame_000192.jpg,4,NOT DETECTED,,,,,,,,,,,,,,
frame_000192.jpg,5,NOT DETECTED,,,,,,,,,,,,,,
frame_000194.jpg,1,NOT DETECTED,,,,,,,,,,,,,,
frame_000194.jpg,2,NOT DETECTED,,,,,,,,,,,,,,
frame_000194.jpg,3,NOT DETECTED,,,,,,,,,,,,,,
frame_000194.jpg,4,NOT DETECTED,,,,,,,,,,,,,,
frame_000194.jpg,5,NOT DETECTED,,,,,,,,,,,,,,
frame_000196.jpg,1,NOT DETECTED,,,,,,,,,,,,,,
frame_000196.jpg,2,NOT DETECTED,,,,,,,,,,,,,,
frame_000196.jpg,3,NOT DETECTED,,,,,,,,,,,,,,
frame_000196.jpg,4,NOT DETECTED,,,,,,,,,,,,,,
frame_000196.jpg,5,NOT DETECTED,,,,,,,,,,,,,,
frame_000198.jpg,1,NOT DETECTED,,,,,,,,,,,,,,
frame_000198.jpg,2,NOT DETECTED,,,,,,,,,,,,,,
frame_000198.jpg,3,NOT DETECTED,,,,,,,,,,,,,,
frame_000198.jpg,4,NOT DETECTED,,,,,,,,,,,,,,
frame_000198.jpg,5,NOT DETECTED,,,,,,,,,,,,,,
frame_000200.jpg,1,NOT DETECTED,,,,,,,,,,,,,,
frame_000200.jpg,2,NOT DETECTED,,,,,,,,,,,,,,
frame_000200.jpg,3,NOT DETECTED,,,,,,,,,,,,,,
frame_000200.jpg,4,NOT DETECTED,,,,,,,,,,,,,,
frame_000200.jpg,5,NOT DETECTED,,,,,,,,,,,,,,
frame_000202.jpg,1,NOT DETECTED,,,,,,,,,,,,,,
frame_000202.jpg,2,NOT DETECTED,,,,,,,,,,,,,,
frame_000202.jpg,3,NOT DETECTED,,,,,,,,,,,,,,
frame_000202.jpg,4,NOT DETECTED,,,,,,,,,,,,,,
frame_000202.jpg,5,NOT DETECTED,,,,,,,,,,,,,,
frame_000204.jpg,1,NOT DETECTED,,,,,,,,,,,,,,
frame_000204.jpg,2,NOT DETECTED,,,,,,,,,,,,,,
frame_000204.jpg,3,NOT DETECTED,,,,,,,,,,,,,,
frame_000204.jpg,4,NOT DETECTED,,,,,,,,,,,,,,
frame_000204.jpg,5,NOT DETECTED,,,,,,,,,,,,,,
frame_000206.jpg,1,NOT DETECTED,,,,,,,,,,,,,,
frame_000206.jpg,2,NOT DETECTED,,,,,,,,,,,,,,
frame_000206.jpg,3,NOT DETECTED,,,,,,,,,,,,,,
frame_000206.jpg,4,NOT DETECTED,,,,,,,,,,,,,,
frame_000206.jpg,5,NOT DETECTED,,,,,,,,,,,,,,
frame_000208.jpg,1,NOT DETECTED,,,,,,,,,,,,,,
frame_000208.jpg,2,NOT DETECTED,,,,,,,,,,,,,,
frame_000208.jpg,3,NOT DETECTED,,,,,,,,,,,,,,
frame_000208.jpg,4,NOT DETECTED,,,,,,,,,,,,,,
frame_000208.jpg,5,NOT DETECTED,,,,,,,,,,,,,,
frame_000210.jpg,1,NOT DETECTED,,,,,,,,,,,,,,
frame_000210.jpg,2,NOT DETECTED,,,,,,,,,,,,,,
frame_000210.jpg,3,NOT DETECTED,,,,,,,,,,,,,,
frame_000210.jpg,4,NOT DETECTED,,,,,,,,,,,,,,
frame_000210.jpg,5,NOT DETECTED,,,,,,,,,,,,,,
frame_000212.jpg,1,NOT DETECTED,,,,,,,,,,,,,,
frame_000212.jpg,2,NOT DETECTED,,,,,,,,,,,,,,
frame_000212.jpg,3,NOT DETECTED,,,,,,,,,,,,,,
frame_000212.jpg,4,NOT DETECTED,,,,,,,,,,,,,,
frame_000212.jpg,5,NOT DETECTED,,,,,,,,,,,,,,
frame_000214.jpg,1,NOT DETECTED,,,,,,,,,,,,,,
frame_000214.jpg,2,NOT DETECTED,,,,,,,,,,,,,,
frame_000214.jpg,3,NOT DETECTED,,,,,,,,,,,,,,
frame_000214.jpg,4,NOT DETECTED,,,,,,,,,,,,,,
frame_000214.jpg,5,NOT DETECTED,,,,,,,,,,,,,,
frame_000216.jpg,1,NOT DETECTED,,,,,,,,,,,,,,
frame_000216.jpg,2,NOT DETECTED,,,,,,,,,,,,,,
frame_000216.jpg,3,NOT DETECTED,,,,,,,,,,,,,,
frame_000216.jpg,4,NOT DETECTED,,,,,,,,,,,,,,
frame_000216.jpg,5,NOT DETECTED,,,,,,,,,,,,,,
frame_000218.jpg,1,NOT DETECTED,,,,,,,,,,,,,,
frame_000218.jpg,2,NOT DETECTED,,,,,,,,,,,,,,
frame_000218.jpg,3,NOT DETECTED,,,,,,,,,,,,,,
frame_000218.jpg,4,NOT DETECTED,,,,,,,,,,,,,,
frame_000218.jpg,5,NOT DETECTED,,,,,,,,,,,,,,
frame_000220.jpg,1,NOT DETECTED,,,,,,,,,,,,,,
frame_000220.jpg,2,NOT DETECTED,,,,,,,,,,,,,,
frame_000220.jpg,3,NOT DETECTED,,,,,,,,,,,,,,
frame_000220.jpg,4,NOT DETECTED,,,,,,,,,,,,,,
frame_000220.jpg,5,NOT DETECTED,,,,,,,,,,,,,,
frame_000222.jpg,1,NOT DETECTED,,,,,,,,,,,,,,
frame_000222.jpg,2,NOT DETECTED,,,,,,,,,,,,,,
frame_000222.jpg,3,NOT DETECTED,,,,,,,,,,,,,,
frame_000222.jpg,4,NOT DETECTED,,,,,,,,,,,,,,
frame_000222.jpg,5,NOT DETECTED,,,,,,,,,,,,,,
frame_000224.jpg,1,NOT DETECTED,,,,,,,,,,,,,,
frame_000224.jpg,2,NOT DETECTED,,,,,,,,,,,,,,
frame_000224.jpg,3,NOT DETECTED,,,,,,,,,,,,,,
frame_000224.jpg,4,NOT DETECTED,,,,,,,,,,,,,,
frame_000224.jpg,5,NOT DETECTED,,,,,,,,,,,,,,
frame_000226.jpg,1,NOT DETECTED,,,,,,,,,,,,,,
frame_000226.jpg,2,NOT DETECTED,,,,,,,,,,,,,,
frame_000226.jpg,3,NOT DETECTED,,,,,,,,,,,,,,
frame_000226.jpg,4,NOT DETECTED,,,,,,,,,,,,,,
frame_000226.jpg,5,NOT DETECTED,,,,,,,,,,,,,,
frame_000228.jpg,1,NOT DETECTED,,,,,,,,,,,,,,
frame_000228.jpg,2,NOT DETECTED,,,,,,,,,,,,,,
frame_000228.jpg,3,NOT DETECTED,,,,,,,,,,,,,,
frame_000228.jpg,4,NOT DETECTED,,,,,,,,,,,,,,
frame_000228.jpg,5,NOT DETECTED,,,,,,,,,,,,,,
frame_000230.jpg,1,NOT DETECTED,,,,,,,,,,,,,,
frame_000230.jpg,2,NOT DETECTED,,,,,,,,,,,,,,
frame_000230.jpg,3,NOT DETECTED,,,,,,,,,,,,,,
frame_000230.jpg,4,NOT DETECTED,,,,,,,,,,,,,,
frame_000230.jpg,5,NOT DETECTED,,,,,,,,,,,,,,
frame_000232.jpg,1,NOT DETECTED,,,,,,,,,,,,,,
frame_000232.jpg,2,NOT DETECTED,,,,,,,,,,,,,,
frame_000232.jpg,3,NOT DETECTED,,,,,,,,,,,,,,
frame_000232.jpg,4,NOT DETECTED,,,,,,,,,,,,,,
frame_000232.jpg,5,NOT DETECTED,,,,,,,,,,,,,,
frame_000234.jpg,1,NOT DETECTED,,,,,,,,,,,,,,
frame_000234.jpg,2,NOT DETECTED,,,,,,,,,,,,,,
frame_000234.jpg,3,NOT DETECTED,,,,,,,,,,,,,,
frame_000234.jpg,4,NOT DETECTED,,,,,,,,,,,,,,
frame_000234.jpg,5,NOT DETECTED,,,,,,,,,,,,,,
frame_000236.jpg,1,NOT DETECTED,,,,,,,,,,,,,,
frame_000236.jpg,2,NOT DETECTED,,,,,,,,,,,,,,
frame_000236.jpg,3,NOT DETECTED,,,,,,,,,,,,,,
frame_000236.jpg,4,NOT DETECTED,,,,,,,,,,,,,,
frame_000236.jpg,5,NOT DETECTED,,,,,,,,,,,,,,
frame_000238.jpg,1,NOT DETECTED,,,,,,,,,,,,,,
frame_000238.jpg,2,NOT DETECTED,,,,,,,,,,,,,,
frame_000238.jpg,3,NOT DETECTED,,,,,,,,,,,,,,
frame_000238.jpg,4,NOT DETECTED,,,,,,,,,,,,,,
frame_000238.jpg,5,NOT DETECTED,,,,,,,,,,,,,,
frame_000240.jpg,1,NOT DETECTED,,,,,,,,,,,,,,
frame_000240.jpg,2,NOT DETECTED,,,,,,,,,,,,,,
frame_000240.jpg,3,NOT DETECTED,,,,,,,,,,,,,,
frame_000240.jpg,4,NOT DETECTED,,,,,,,,,,,,,,
frame_000240.jpg,5,NOT DETECTED,,,,,,,,,,,,,,
frame_000242.jpg,1,NOT DETECTED,,,,,,,,,,,,,,
frame_000242.jpg,2,NOT DETECTED,,,,,,,,,,,,,,
frame_000242.jpg,3,NOT DETECTED,,,,,,,,,,,,,,
frame_000242.jpg,4,NOT DETECTED,,,,,,,,,,,,,,
frame_000242.jpg,5,NOT DETECTED,,,,,,,,,,,,,,
frame_000244.jpg,1,NOT DETECTED,,,,,,,,,,,,,,
frame_000244.jpg,2,NOT DETECTED,,,,,,,,,,,,,,
frame_000244.jpg,3,NOT DETECTED,,,,,,,,,,,,,,
frame_000244.jpg,4,NOT DETECTED,,,,,,,,,,,,,,
frame_000244.jpg,5,NOT DETECTED,,,,,,,,,,,,,,
frame_000246.jpg,1,NOT DETECTED,,,,,,,,,,,,,,
frame_000246.jpg,2,NOT DETECTED,,,,,,,,,,,,,,
frame_000246.jpg,3,NOT DETECTED,,,,,,,,,,,,,,
frame_000246.jpg,4,NOT DETECTED,,,,,,,,,,,,,,
frame_000246.jpg,5,NOT DETECTED,,,,,,,,,,,,,,
frame_000248.jpg,1,NOT DETECTED,,,,,,,,,,,,,,
frame_000248.jpg,2,NOT DETECTED,,,,,,,,,,,,,,
frame_000248.jpg,3,NOT DETECTED,,,,,,,,,,,,,,
frame_000248.jpg,4,NOT DETECTED,,,,,,,,,,,,,,
frame_000248.jpg,5,NOT DETECTED,,,,,,,,,,,,,,
frame_000250.jpg,1,NOT DETECTED,,,,,,,,,,,,,,
frame_000250.jpg,2,NOT DETECTED,,,,,,,,,,,,,,
frame_000250.jpg,3,NOT DETECTED,,,,,,,,,,,,,,
frame_000250.jpg,4,NOT DETECTED,,,,,,,,,,,,,,
frame_000250.jpg,5,NOT DETECTED,,,,,,,,,,,,,,
frame_000252.jpg,1,NOT DETECTED,,,,,,,,,,,,,,
frame_000252.jpg,2,NOT DETECTED,,,,,,,,,,,,,,
frame_000252.jpg,3,NOT DETECTED,,,,,,,,,,,,,,
frame_000252.jpg,4,NOT DETECTED,,,,,,,,,,,,,,
frame_000252.jpg,5,NOT DETECTED,,,,,,,,,,,,,,
frame_000254.jpg,1,NOT DETECTED,,,,,,,,,,,,,,
frame_000254.jpg,2,NOT DETECTED,,,,,,,,,,,,,,
frame_000254.jpg,3,NOT DETECTED,,,,,,,,,,,,,,
frame_000254.jpg,4,NOT DETECTED,,,,,,,,,,,,,,
frame_000254.jpg,5,NOT DETECTED,,,,,,,,,,,,,,
frame_000256.jpg,1,NOT DETECTED,,,,,,,,,,,,,,
frame_000256.jpg,2,NOT DETECTED,,,,,,,,,,,,,,
frame_000256.jpg,3,NOT DETECTED,,,,,,,,,,,,,,
frame_000256.jpg,4,NOT DETECTED,,,,,,,,,,,,,,
frame_000256.jpg,5,NOT DETECTED,,,,,,,,,,,,,,
frame_000258.jpg,1,NOT DETECTED,,,,,,,,,,,,,,
frame_000258.jpg,2,NOT DETECTED,,,,,,,,,,,,,,
frame_000258.jpg,3,NOT DETECTED,,,,,,,,,,,,,,
frame_000258.jpg,4,NOT DETECTED,,,,,,,,,,,,,,
frame_000258.jpg,5,NOT DETECTED,,,,,,,,,,,,,,
frame_000260.jpg,1,NOT DETECTED,,,,,,,,,,,,,,
frame_000260.jpg,2,NOT DETECTED,,,,,,,,,,,,,,
frame_000260.jpg,3,NOT DETECTED,,,,,,,,,,,,,,
frame_000260.jpg,4,NOT DETECTED,,,,,,,,,,,,,,
frame_000260.jpg,5,NOT DETECTED,,,,,,,,,,,,,,
frame_000262.jpg,1,NOT DETECTED,,,,,,,,,,,,,,
frame_000262.jpg,2,NOT DETECTED,,,,,,,,,,,,,,
frame_000262.jpg,3,NOT DETECTED,,,,,,,,,,,,,,
frame_000262.jpg,4,NOT DETECTED,,,,,,,,,,,,,,
frame_000262.jpg,5,NOT DETECTED,,,,,,,,,,,,,,
frame_000264.jpg,1,NOT DETECTED,,,,,,,,,,,,,,
frame_000264.jpg,2,NOT DETECTED,,,,,,,,,,,,,,
frame_000264.jpg,3,NOT DETECTED,,,,,,,,,,,,,,
frame_000264.jpg,4,NOT DETECTED,,,,,,,,,,,,,,
frame_000264.jpg,5,NOT DETECTED,,,,,,,,,,,,,,
frame_000266.jpg,1,NOT DETECTED,,,,,,,,,,,,,,
frame_000266.jpg,2,NOT DETECTED,,,,,,,,,,,,,,
frame_000266.jpg,3,NOT DETECTED,,,,,,,,,,,,,,
frame_000266.jpg,4,NOT DETECTED,,,,,,,,,,,,,,
frame_000266.jpg,5,NOT DETECTED,,,,,,,,,,,,,,
frame_000268.jpg,1,NOT DETECTED,,,,,,,,,,,,,,
frame_000268.jpg,2,NOT DETECTED,,,,,,,,,,,,,,
frame_000268.jpg,3,NOT DETECTED,,,,,,,,,,,,,,
frame_000268.jpg,4,NOT DETECTED,,,,,,,,,,,,,,
frame_000268.jpg,5,NOT DETECTED,,,,,,,,,,,,,,
frame_000270.jpg,1,NOT DETECTED,,,,,,,,,,,,,,
frame_000270.jpg,2,NOT DETECTED,,,,,,,,,,,,,,
frame_000270.jpg,3,NOT DETECTED,,,,,,,,,,,,,,
frame_000270.jpg,4,NOT DETECTED,,,,,,,,,,,,,,
frame_000270.jpg,5,NOT DETECTED,,,,,,,,,,,,,,
frame_000272.jpg,1,NOT DETECTED,,,,,,,,,,,,,,
frame_000272.jpg,2,NOT DETECTED,,,,,,,,,,,,,,
frame_000272.jpg,3,NOT DETECTED,,,,,,,,,,,,,,
frame_000272.jpg,4,NOT DETECTED,,,,,,,,,,,,,,
frame_000272.jpg,5,NOT DETECTED,,,,,,,,,,,,,,
frame_000274.jpg,1,NOT DETECTED,,,,,,,,,,,,,,
frame_000274.jpg,2,NOT DETECTED,,,,,,,,,,,,,,
frame_000274.jpg,3,NOT DETECTED,,,,,,,,,,,,,,
frame_000274.jpg,4,NOT DETECTED,,,,,,,,,,,,,,
frame_000274.jpg,5,NOT DETECTED,,,,,,,,,,,,,,
frame_000276.jpg,1,NOT DETECTED,,,,,,,,,,,,,,
frame_000276.jpg,2,NOT DETECTED,,,,,,,,,,,,,,
frame_000276.jpg,3,NOT DETECTED,,,,,,,,,,,,,,
frame_000276.jpg,4,NOT DETECTED,,,,,,,,,,,,,,
frame_000276.jpg,5,NOT DETECTED,,,,,,,,,,,,,,
frame_000278.jpg,1,NOT DETECTED,,,,,,,,,,,,,,
frame_000278.jpg,2,NOT DETECTED,,,,,,,,,,,,,,
frame_000278.jpg,3,NOT DETECTED,,,,,,,,,,,,,,
frame_000278.jpg,4,NOT DETECTED,,,,,,,,,,,,,,
frame_000278.jpg,5,NOT DETECTED,,,,,,,,,,,,,,
frame_000280.jpg,1,NOT DETECTED,,,,,,,,,,,,,,
frame_000280.jpg,2,NOT DETECTED,,,,,,,,,,,,,,
frame_000280.jpg,3,NOT DETECTED,,,,,,,,,,,,,,
frame_000280.jpg,4,NOT DETECTED,,,,,,,,,,,,,,
frame_000280.jpg,5,NOT DETECTED,,,,,,,,,,,,,,
frame_000282.jpg,1,NOT DETECTED,,,,,,,,,,,,,,
frame_000282.jpg,2,NOT DETECTED,,,,,,,,,,,,,,
frame_000282.jpg,3,NOT DETECTED,,,,,,,,,,,,,,
frame_000282.jpg,4,NOT DETECTED,,,,,,,,,,,,,,
frame_000282.jpg,5,NOT DETECTED,,,,,,,,,,,,,,
frame_000284.jpg,1,NOT DETECTED,,,,,,,,,,,,,,
frame_000284.jpg,2,NOT DETECTED,,,,,,,,,,,,,,
frame_000284.jpg,3,NOT DETECTED,,,,,,,,,,,,,,
frame_000284.jpg,4,NOT DETECTED,,,,,,,,,,,,,,
frame_000284.jpg,5,NOT DETECTED,,,,,,,,,,,,,,
frame_000286.jpg,1,NOT DETECTED,,,,,,,,,,,,,,
frame_000286.jpg,2,NOT DETECTED,,,,,,,,,,,,,,
frame_000286.jpg,3,NOT DETECTED,,,,,,,,,,,,,,
frame_000286.jpg,4,NOT DETECTED,,,,,,,,,,,,,,
frame_000286.jpg,5,NOT DETECTED,,,,,,,,,,,,,,
frame_000288.jpg,1,NOT DETECTED,,,,,,,,,,,,,,
frame_000288.jpg,2,NOT DETECTED,,,,,,,,,,,,,,
frame_000288.jpg,3,NOT DETECTED,,,,,,,,,,,,,,
frame_000288.jpg,4,NOT DETECTED,,,,,,,,,,,,,,
frame_000288.jpg,5,NOT DETECTED,,,,,,,,,,,,,,
frame_000290.jpg,1,NOT DETECTED,,,,,,,,,,,,,,
frame_000290.jpg,2,NOT DETECTED,,,,,,,,,,,,,,
frame_000290.jpg,3,NOT DETECTED,,,,,,,,,,,,,,
frame_000290.jpg,4,NOT DETECTED,,,,,,,,,,,,,,
frame_000290.jpg,5,NOT DETECTED,,,,,,,,,,,,,,
frame_000292.jpg,1,NOT DETECTED,,,,,,,,,,,,,,
frame_000292.jpg,2,NOT DETECTED,,,,,,,,,,,,,,
frame_000292.jpg,3,NOT DETECTED,,,,,,,,,,,,,,
frame_000292.jpg,4,NOT DETECTED,,,,,,,,,,,,,,
frame_000292.jpg,5,NOT DETECTED,,,,,,,,,,,,,,
frame_000294.jpg,1,NOT DETECTED,,,,,,,,,,,,,,
frame_000294.jpg,2,NOT DETECTED,,,,,,,,,,,,,,
frame_000294.jpg,3,NOT DETECTED,,,,,,,,,,,,,,
frame_000294.jpg,4,NOT DETECTED,,,,,,,,,,,,,,
frame_000294.jpg,5,NOT DETECTED,,,,,,,,,,,,,,
frame_000296.jpg,1,NOT DETECTED,,,,,,,,,,,,,,
frame_000296.jpg,2,NOT DETECTED,,,,,,,,,,,,,,
frame_000296.jpg,3,NOT DETECTED,,,,,,,,,,,,,,
frame_000296.jpg,4,NOT DETECTED,,,,,,,,,,,,,,
frame_000296.jpg,5,NOT DETECTED,,,,,,,,,,,,,,
frame_000298.jpg,1,NOT DETECTED,,,,,,,,,,,,,,
frame_000298.jpg,2,NOT DETECTED,,,,,,,,,,,,,,
frame_000298.jpg,3,NOT DETECTED,,,,,,,,,,,,,,
frame_000298.jpg,4,NOT DETECTED,,,,,,,,,,,,,,
frame_000298.jpg,5,NOT DETECTED,,,,,,,,,,,,,,
frame_000300.jpg,1,NOT DETECTED,,,,,,,,,,,,,,
frame_000300.jpg,2,NOT DETECTED,,,,,,,,,,,,,,
frame_000300.jpg,3,NOT DETECTED,,,,,,,,,,,,,,
frame_000300.jpg,4,NOT DETECTED,,,,,,,,,,,,,,
frame_000300.jpg,5,NOT DETECTED,,,,,,,,,,,,,,
frame_000302.jpg,1,NOT DETECTED,,,,,,,,,,,,,,
frame_000302.jpg,2,NOT DETECTED,,,,,,,,,,,,,,
frame_000302.jpg,3,NOT DETECTED,,,,,,,,,,,,,,
frame_000302.jpg,4,NOT DETECTED,,,,,,,,,,,,,,
frame_000302.jpg,5,NOT DETECTED,,,,,,,,,,,,,,
frame_000304.jpg,1,NOT DETECTED,,,,,,,,,,,,,,
frame_000304.jpg,2,NOT DETECTED,,,,,,,,,,,,,,
frame_000304.jpg,3,NOT DETECTED,,,,,,,,,,,,,,
frame_000304.jpg,4,NOT DETECTED,,,,,,,,,,,,,,
frame_000304.jpg,5,NOT DETECTED,,,,,,,,,,,,,,
frame_000306.jpg,1,NOT DETECTED,,,,,,,,,,,,,,
frame_000306.jpg,2,NOT DETECTED,,,,,,,,,,,,,,
frame_000306.jpg,3,NOT DETECTED,,,,,,,,,,,,,,
frame_000306.jpg,4,NOT DETECTED,,,,,,,,,,,,,,
frame_000306.jpg,5,NOT DETECTED,,,,,,,,,,,,,,
frame_000308.jpg,1,NOT DETECTED,,,,,,,,,,,,,,
frame_000308.jpg,2,NOT DETECTED,,,,,,,,,,,,,,
frame_000308.jpg,3,NOT DETECTED,,,,,,,,,,,,,,
frame_000308.jpg,4,NOT DETECTED,,,,,,,,,,,,,,
frame_000308.jpg,5,NOT DETECTED,,,,,,,,,,,,,,
frame_000310.jpg,1,NOT DETECTED,,,,,,,,,,,,,,
frame_000310.jpg,2,NOT DETECTED,,,,,,,,,,,,,,
frame_000310.jpg,3,NOT DETECTED,,,,,,,,,,,,,,
frame_000310.jpg,4,NOT DETECTED,,,,,,,,,,,,,,
frame_000310.jpg,5,NOT DETECTED,,,,,,,,,,,,,,
frame_000312.jpg,1,NOT DETECTED,,,,,,,,,,,,,,
frame_000312.jpg,2,NOT DETECTED,,,,,,,,,,,,,,
frame_000312.jpg,3,NOT DETECTED,,,,,,,,,,,,,,
frame_000312.jpg,4,NOT DETECTED,,,,,,,,,,,,,,
frame_000312.jpg,5,NOT DETECTED,,,,,,,,,,,,,,
frame_000314.jpg,1,NOT DETECTED,,,,,,,,,,,,,,
frame_000314.jpg,2,NOT DETECTED,,,,,,,,,,,,,,
frame_000314.jpg,3,NOT DETECTED,,,,,,,,,,,,,,
frame_000314.jpg,4,NOT DETECTED,,,,,,,,,,,,,,
frame_000314.jpg,5,NOT DETECTED,,,,,,,,,,,,,,
frame_000316.jpg,1,DETECTED,0,67.7,-0.3025,-0.0953,0.6408,-11.74,2.51,-172.42,-0.0679,-0.0150,-0.1035,0.9922,-235.4,-68.7
frame_000316.jpg,2,DETECTED,0,67.7,-0.3025,-0.0953,0.6408,-11.74,2.51,-172.42,-0.0679,-0.0150,-0.1035,0.9922,-235.4,-68.7
frame_000316.jpg,3,DETECTED,0,67.7,-0.3025,-0.0953,0.6408,-11.74,2.51,-172.42,-0.0679,-0.0150,-0.1035,0.9922,-235.4,-68.7
frame_000316.jpg,4,DETECTED,0,67.7,-0.3025,-0.0953,0.6408,-11.74,2.51,-172.42,-0.0679,-0.0150,-0.1035,0.9922,-235.4,-68.7
frame_000316.jpg,5,DETECTED,0,67.7,-0.3025,-0.0953,0.6408,-11.74,2.51,-172.42,-0.0679,-0.0150,-0.1035,0.9922,-235.4,-68.7
frame_000318.jpg,1,NOT DETECTED,,,,,,,,,,,,,,
frame_000318.jpg,2,NOT DETECTED,,,,,,,,,,,,,,
frame_000318.jpg,3,NOT DETECTED,,,,,,,,,,,,,,
frame_000318.jpg,4,NOT DETECTED,,,,,,,,,,,,,,
frame_000318.jpg,5,NOT DETECTED,,,,,,,,,,,,,,
frame_000320.jpg,1,NOT DETECTED,,,,,,,,,,,,,,
frame_000320.jpg,2,NOT DETECTED,,,,,,,,,,,,,,
frame_000320.jpg,3,NOT DETECTED,,,,,,,,,,,,,,
frame_000320.jpg,4,NOT DETECTED,,,,,,,,,,,,,,
frame_000320.jpg,5,NOT DETECTED,,,,,,,,,,,,,,
frame_000322.jpg,1,NOT DETECTED,,,,,,,,,,,,,,
frame_000322.jpg,2,NOT DETECTED,,,,,,,,,,,,,,
frame_000322.jpg,3,NOT DETECTED,,,,,,,,,,,,,,
frame_000322.jpg,4,NOT DETECTED,,,,,,,,,,,,,,
frame_000322.jpg,5,NOT DETECTED,,,,,,,,,,,,,,
frame_000324.jpg,1,NOT DETECTED,,,,,,,,,,,,,,
frame_000324.jpg,2,NOT DETECTED,,,,,,,,,,,,,,
frame_000324.jpg,3,NOT DETECTED,,,,,,,,,,,,,,
frame_000324.jpg,4,NOT DETECTED,,,,,,,,,,,,,,
frame_000324.jpg,5,NOT DETECTED,,,,,,,,,,,,,,
frame_000326.jpg,1,NOT DETECTED,,,,,,,,,,,,,,
frame_000326.jpg,2,NOT DETECTED,,,,,,,,,,,,,,
frame_000326.jpg,3,NOT DETECTED,,,,,,,,,,,,,,
frame_000326.jpg,4,NOT DETECTED,,,,,,,,,,,,,,
frame_000326.jpg,5,NOT DETECTED,,,,,,,,,,,,,,
frame_000328.jpg,1,NOT DETECTED,,,,,,,,,,,,,,
frame_000328.jpg,2,NOT DETECTED,,,,,,,,,,,,,,
frame_000328.jpg,3,NOT DETECTED,,,,,,,,,,,,,,
frame_000328.jpg,4,NOT DETECTED,,,,,,,,,,,,,,
frame_000328.jpg,5,NOT DETECTED,,,,,,,,,,,,,,
frame_000330.jpg,1,NOT DETECTED,,,,,,,,,,,,,,
frame_000330.jpg,2,NOT DETECTED,,,,,,,,,,,,,,
frame_000330.jpg,3,NOT DETECTED,,,,,,,,,,,,,,
frame_000330.jpg,4,NOT DETECTED,,,,,,,,,,,,,,
frame_000330.jpg,5,NOT DETECTED,,,,,,,,,,,,,,
frame_000332.jpg,1,NOT DETECTED,,,,,,,,,,,,,,
frame_000332.jpg,2,NOT DETECTED,,,,,,,,,,,,,,
frame_000332.jpg,3,NOT DETECTED,,,,,,,,,,,,,,
frame_000332.jpg,4,NOT DETECTED,,,,,,,,,,,,,,
frame_000332.jpg,5,NOT DETECTED,,,,,,,,,,,,,,
frame_000334.jpg,1,NOT DETECTED,,,,,,,,,,,,,,
frame_000334.jpg,2,NOT DETECTED,,,,,,,,,,,,,,
frame_000334.jpg,3,NOT DETECTED,,,,,,,,,,,,,,
frame_000334.jpg,4,NOT DETECTED,,,,,,,,,,,,,,
frame_000334.jpg,5,NOT DETECTED,,,,,,,,,,,,,,
frame_000336.jpg,1,NOT DETECTED,,,,,,,,,,,,,,
frame_000336.jpg,2,NOT DETECTED,,,,,,,,,,,,,,
frame_000336.jpg,3,NOT DETECTED,,,,,,,,,,,,,,
frame_000336.jpg,4,NOT DETECTED,,,,,,,,,,,,,,
frame_000336.jpg,5,NOT DETECTED,,,,,,,,,,,,,,
frame_000338.jpg,1,NOT DETECTED,,,,,,,,,,,,,,
frame_000338.jpg,2,NOT DETECTED,,,,,,,,,,,,,,
frame_000338.jpg,3,NOT DETECTED,,,,,,,,,,,,,,
frame_000338.jpg,4,NOT DETECTED,,,,,,,,,,,,,,
frame_000338.jpg,5,NOT DETECTED,,,,,,,,,,,,,,
frame_000340.jpg,1,NOT DETECTED,,,,,,,,,,,,,,
frame_000340.jpg,2,NOT DETECTED,,,,,,,,,,,,,,
frame_000340.jpg,3,NOT DETECTED,,,,,,,,,,,,,,
frame_000340.jpg,4,NOT DETECTED,,,,,,,,,,,,,,
frame_000340.jpg,5,NOT DETECTED,,,,,,,,,,,,,,
frame_000342.jpg,1,NOT DETECTED,,,,,,,,,,,,,,
frame_000342.jpg,2,NOT DETECTED,,,,,,,,,,,,,,
frame_000342.jpg,3,NOT DETECTED,,,,,,,,,,,,,,
frame_000342.jpg,4,NOT DETECTED,,,,,,,,,,,,,,
frame_000342.jpg,5,NOT DETECTED,,,,,,,,,,,,,,
frame_000344.jpg,1,NOT DETECTED,,,,,,,,,,,,,,
frame_000344.jpg,2,NOT DETECTED,,,,,,,,,,,,,,
frame_000344.jpg,3,NOT DETECTED,,,,,,,,,,,,,,
frame_000344.jpg,4,NOT DETECTED,,,,,,,,,,,,,,
frame_000344.jpg,5,NOT DETECTED,,,,,,,,,,,,,,
frame_000346.jpg,1,NOT DETECTED,,,,,,,,,,,,,,
frame_000346.jpg,2,NOT DETECTED,,,,,,,,,,,,,,
frame_000346.jpg,3,NOT DETECTED,,,,,,,,,,,,,,
frame_000346.jpg,4,NOT DETECTED,,,,,,,,,,,,,,
frame_000346.jpg,5,NOT DETECTED,,,,,,,,,,,,,,
frame_000348.jpg,1,NOT DETECTED,,,,,,,,,,,,,,
frame_000348.jpg,2,NOT DETECTED,,,,,,,,,,,,,,
frame_000348.jpg,3,NOT DETECTED,,,,,,,,,,,,,,
frame_000348.jpg,4,NOT DETECTED,,,,,,,,,,,,,,
frame_000348.jpg,5,NOT DETECTED,,,,,,,,,,,,,,
frame_000350.jpg,1,NOT DETECTED,,,,,,,,,,,,,,
frame_000350.jpg,2,NOT DETECTED,,,,,,,,,,,,,,
frame_000350.jpg,3,NOT DETECTED,,,,,,,,,,,,,,
frame_000350.jpg,4,NOT DETECTED,,,,,,,,,,,,,,
frame_000350.jpg,5,NOT DETECTED,,,,,,,,,,,,,,
frame_000352.jpg,1,NOT DETECTED,,,,,,,,,,,,,,
frame_000352.jpg,2,NOT DETECTED,,,,,,,,,,,,,,
frame_000352.jpg,3,NOT DETECTED,,,,,,,,,,,,,,
frame_000352.jpg,4,NOT DETECTED,,,,,,,,,,,,,,
frame_000352.jpg,5,NOT DETECTED,,,,,,,,,,,,,,
frame_000354.jpg,1,NOT DETECTED,,,,,,,,,,,,,,
frame_000354.jpg,2,NOT DETECTED,,,,,,,,,,,,,,
frame_000354.jpg,3,NOT DETECTED,,,,,,,,,,,,,,
frame_000354.jpg,4,NOT DETECTED,,,,,,,,,,,,,,
frame_000354.jpg,5,NOT DETECTED,,,,,,,,,,,,,,
frame_000356.jpg,1,NOT DETECTED,,,,,,,,,,,,,,
frame_000356.jpg,2,NOT DETECTED,,,,,,,,,,,,,,
frame_000356.jpg,3,NOT DETECTED,,,,,,,,,,,,,,
frame_000356.jpg,4,NOT DETECTED,,,,,,,,,,,,,,
frame_000356.jpg,5,NOT DETECTED,,,,,,,,,,,,,,
frame_000358.jpg,1,NOT DETECTED,,,,,,,,,,,,,,
frame_000358.jpg,2,NOT DETECTED,,,,,,,,,,,,,,
frame_000358.jpg,3,NOT DETECTED,,,,,,,,,,,,,,
frame_000358.jpg,4,NOT DETECTED,,,,,,,,,,,,,,
frame_000358.jpg,5,NOT DETECTED,,,,,,,,,,,,,,
frame_000360.jpg,1,NOT DETECTED,,,,,,,,,,,,,,
frame_000360.jpg,2,NOT DETECTED,,,,,,,,,,,,,,
frame_000360.jpg,3,NOT DETECTED,,,,,,,,,,,,,,
frame_000360.jpg,4,NOT DETECTED,,,,,,,,,,,,,,
frame_000360.jpg,5,NOT DETECTED,,,,,,,,,,,,,,
frame_000362.jpg,1,NOT DETECTED,,,,,,,,,,,,,,
frame_000362.jpg,2,NOT DETECTED,,,,,,,,,,,,,,
frame_000362.jpg,3,NOT DETECTED,,,,,,,,,,,,,,
frame_000362.jpg,4,NOT DETECTED,,,,,,,,,,,,,,
frame_000362.jpg,5,NOT DETECTED,,,,,,,,,,,,,,
frame_000364.jpg,1,DETECTED,0,80.5,-0.2037,-0.1241,0.4917,-7.33,4.48,-177.26,-0.0263,-0.0375,-0.0648,0.9968,-205.7,-124.8
frame_000364.jpg,2,DETECTED,0,80.5,-0.2037,-0.1241,0.4917,-7.33,4.48,-177.26,-0.0263,-0.0375,-0.0648,0.9968,-205.7,-124.8
frame_000364.jpg,3,DETECTED,0,80.5,-0.2037,-0.1241,0.4917,-7.33,4.48,-177.26,-0.0263,-0.0375,-0.0648,0.9968,-205.7,-124.8
frame_000364.jpg,4,DETECTED,0,80.5,-0.2037,-0.1241,0.4917,-7.33,4.48,-177.26,-0.0263,-0.0375,-0.0648,0.9968,-205.7,-124.8
frame_000364.jpg,5,DETECTED,0,80.5,-0.2037,-0.1241,0.4917,-7.33,4.48,-177.26,-0.0263,-0.0375,-0.0648,0.9968,-205.7,-124.8
frame_000366.jpg,1,DETECTED,0,84.9,-0.1775,-0.1244,0.4997,-5.54,8.35,-178.54,-0.0162,-0.0721,-0.0491,0.9961,-176.9,-122.6
frame_000366.jpg,2,DETECTED,0,84.9,-0.1775,-0.1244,0.4997,-5.54,8.35,-178.54,-0.0162,-0.0721,-0.0491,0.9961,-176.9,-122.6
frame_000366.jpg,3,DETECTED,0,84.9,-0.1775,-0.1244,0.4997,-5.54,8.35,-178.54,-0.0162,-0.0721,-0.0491,0.9961,-176.9,-122.6
frame_000366.jpg,4,DETECTED,0,84.9,-0.1775,-0.1244,0.4997,-5.54,8.35,-178.54,-0.0162,-0.0721,-0.0491,0.9961,-176.9,-122.6
frame_000366.jpg,5,DETECTED,0,84.9,-0.1775,-0.1244,0.4997,-5.54,8.35,-178.54,-0.0162,-0.0721,-0.0491,0.9961,-176.9,-122.6
frame_000368.jpg,1,NOT DETECTED,,,,,,,,,,,,,,
frame_000368.jpg,2,NOT DETECTED,,,,,,,,,,,,,,
frame_000368.jpg,3,NOT DETECTED,,,,,,,,,,,,,,
frame_000368.jpg,4,NOT DETECTED,,,,,,,,,,,,,,
frame_000368.jpg,5,NOT DETECTED,,,,,,,,,,,,,,
frame_000370.jpg,1,NOT DETECTED,,,,,,,,,,,,,,
frame_000370.jpg,2,NOT DETECTED,,,,,,,,,,,,,,
frame_000370.jpg,3,NOT DETECTED,,,,,,,,,,,,,,
frame_000370.jpg,4,NOT DETECTED,,,,,,,,,,,,,,
frame_000370.jpg,5,NOT DETECTED,,,,,,,,,,,,,,
frame_000372.jpg,1,NOT DETECTED,,,,,,,,,,,,,,
frame_000372.jpg,2,NOT DETECTED,,,,,,,,,,,,,,
frame_000372.jpg,3,NOT DETECTED,,,,,,,,,,,,,,
frame_000372.jpg,4,NOT DETECTED,,,,,,,,,,,,,,
frame_000372.jpg,5,NOT DETECTED,,,,,,,,,,,,,,
frame_000374.jpg,1,NOT DETECTED,,,,,,,,,,,,,,
frame_000374.jpg,2,NOT DETECTED,,,,,,,,,,,,,,
frame_000374.jpg,3,NOT DETECTED,,,,,,,,,,,,,,
frame_000374.jpg,4,NOT DETECTED,,,,,,,,,,,,,,
frame_000374.jpg,5,NOT DETECTED,,,,,,,,,,,,,,
frame_000376.jpg,1,NOT DETECTED,,,,,,,,,,,,,,
frame_000376.jpg,2,NOT DETECTED,,,,,,,,,,,,,,
frame_000376.jpg,3,NOT DETECTED,,,,,,,,,,,,,,
frame_000376.jpg,4,NOT DETECTED,,,,,,,,,,,,,,
frame_000376.jpg,5,NOT DETECTED,,,,,,,,,,,,,,
frame_000378.jpg,1,NOT DETECTED,,,,,,,,,,,,,,
frame_000378.jpg,2,NOT DETECTED,,,,,,,,,,,,,,
frame_000378.jpg,3,NOT DETECTED,,,,,,,,,,,,,,
frame_000378.jpg,4,NOT DETECTED,,,,,,,,,,,,,,
frame_000378.jpg,5,NOT DETECTED,,,,,,,,,,,,,,
frame_000380.jpg,1,NOT DETECTED,,,,,,,,,,,,,,
frame_000380.jpg,2,NOT DETECTED,,,,,,,,,,,,,,
frame_000380.jpg,3,NOT DETECTED,,,,,,,,,,,,,,
frame_000380.jpg,4,NOT DETECTED,,,,,,,,,,,,,,
frame_000380.jpg,5,NOT DETECTED,,,,,,,,,,,,,,
frame_000382.jpg,1,NOT DETECTED,,,,,,,,,,,,,,
frame_000382.jpg,2,NOT DETECTED,,,,,,,,,,,,,,
frame_000382.jpg,3,NOT DETECTED,,,,,,,,,,,,,,
frame_000382.jpg,4,NOT DETECTED,,,,,,,,,,,,,,
frame_000382.jpg,5,NOT DETECTED,,,,,,,,,,,,,,
frame_000384.jpg,1,NOT DETECTED,,,,,,,,,,,,,,
frame_000384.jpg,2,NOT DETECTED,,,,,,,,,,,,,,
frame_000384.jpg,3,NOT DETECTED,,,,,,,,,,,,,,
frame_000384.jpg,4,NOT DETECTED,,,,,,,,,,,,,,
frame_000384.jpg,5,NOT DETECTED,,,,,,,,,,,,,,
frame_000386.jpg,1,NOT DETECTED,,,,,,,,,,,,,,
frame_000386.jpg,2,NOT DETECTED,,,,,,,,,,,,,,
frame_000386.jpg,3,NOT DETECTED,,,,,,,,,,,,,,
frame_000386.jpg,4,NOT DETECTED,,,,,,,,,,,,,,
frame_000386.jpg,5,NOT DETECTED,,,,,,,,,,,,,,
frame_000388.jpg,1,NOT DETECTED,,,,,,,,,,,,,,
frame_000388.jpg,2,NOT DETECTED,,,,,,,,,,,,,,
frame_000388.jpg,3,NOT DETECTED,,,,,,,,,,,,,,
frame_000388.jpg,4,NOT DETECTED,,,,,,,,,,,,,,
frame_000388.jpg,5,NOT DETECTED,,,,,,,,,,,,,,
frame_000390.jpg,1,NOT DETECTED,,,,,,,,,,,,,,
frame_000390.jpg,2,NOT DETECTED,,,,,,,,,,,,,,
frame_000390.jpg,3,NOT DETECTED,,,,,,,,,,,,,,
frame_000390.jpg,4,NOT DETECTED,,,,,,,,,,,,,,
frame_000390.jpg,5,NOT DETECTED,,,,,,,,,,,,,,
frame_000392.jpg,1,NOT DETECTED,,,,,,,,,,,,,,
frame_000392.jpg,2,NOT DETECTED,,,,,,,,,,,,,,
frame_000392.jpg,3,NOT DETECTED,,,,,,,,,,,,,,
frame_000392.jpg,4,NOT DETECTED,,,,,,,,,,,,,,
frame_000392.jpg,5,NOT DETECTED,,,,,,,,,,,,,,
frame_000394.jpg,1,NOT DETECTED,,,,,,,,,,,,,,
frame_000394.jpg,2,NOT DETECTED,,,,,,,,,,,,,,
frame_000394.jpg,3,NOT DETECTED,,,,,,,,,,,,,,
frame_000394.jpg,4,NOT DETECTED,,,,,,,,,,,,,,
frame_000394.jpg,5,NOT DETECTED,,,,,,,,,,,,,,
frame_000396.jpg,1,NOT DETECTED,,,,,,,,,,,,,,
frame_000396.jpg,2,NOT DETECTED,,,,,,,,,,,,,,
frame_000396.jpg,3,NOT DETECTED,,,,,,,,,,,,,,
frame_000396.jpg,4,NOT DETECTED,,,,,,,,,,,,,,
frame_000396.jpg,5,NOT DETECTED,,,,,,,,,,,,,,
frame_000398.jpg,1,NOT DETECTED,,,,,,,,,,,,,,
frame_000398.jpg,2,NOT DETECTED,,,,,,,,,,,,,,
frame_000398.jpg,3,NOT DETECTED,,,,,,,,,,,,,,
frame_000398.jpg,4,NOT DETECTED,,,,,,,,,,,,,,
frame_000398.jpg,5,NOT DETECTED,,,,,,,,,,,,,,
frame_000400.jpg,1,NOT DETECTED,,,,,,,,,,,,,,
frame_000400.jpg,2,NOT DETECTED,,,,,,,,,,,,,,
frame_000400.jpg,3,NOT DETECTED,,,,,,,,,,,,,,
frame_000400.jpg,4,NOT DETECTED,,,,,,,,,,,,,,
frame_000400.jpg,5,NOT DETECTED,,,,,,,,,,,,,,
frame_000402.jpg,1,NOT DETECTED,,,,,,,,,,,,,,
frame_000402.jpg,2,NOT DETECTED,,,,,,,,,,,,,,
frame_000402.jpg,3,NOT DETECTED,,,,,,,,,,,,,,
frame_000402.jpg,4,NOT DETECTED,,,,,,,,,,,,,,
frame_000402.jpg,5,NOT DETECTED,,,,,,,,,,,,,,
frame_000404.jpg,1,NOT DETECTED,,,,,,,,,,,,,,
frame_000404.jpg,2,NOT DETECTED,,,,,,,,,,,,,,
frame_000404.jpg,3,NOT DETECTED,,,,,,,,,,,,,,
frame_000404.jpg,4,NOT DETECTED,,,,,,,,,,,,,,
frame_000404.jpg,5,NOT DETECTED,,,,,,,,,,,,,,
frame_000406.jpg,1,NOT DETECTED,,,,,,,,,,,,,,
frame_000406.jpg,2,NOT DETECTED,,,,,,,,,,,,,,
frame_000406.jpg,3,NOT DETECTED,,,,,,,,,,,,,,
frame_000406.jpg,4,NOT DETECTED,,,,,,,,,,,,,,
frame_000406.jpg,5,NOT DETECTED,,,,,,,,,,,,,,
frame_000408.jpg,1,NOT DETECTED,,,,,,,,,,,,,,
frame_000408.jpg,2,NOT DETECTED,,,,,,,,,,,,,,
frame_000408.jpg,3,NOT DETECTED,,,,,,,,,,,,,,
frame_000408.jpg,4,NOT DETECTED,,,,,,,,,,,,,,
frame_000408.jpg,5,NOT DETECTED,,,,,,,,,,,,,,
frame_000410.jpg,1,NOT DETECTED,,,,,,,,,,,,,,
frame_000410.jpg,2,NOT DETECTED,,,,,,,,,,,,,,
frame_000410.jpg,3,NOT DETECTED,,,,,,,,,,,,,,
frame_000410.jpg,4,NOT DETECTED,,,,,,,,,,,,,,
frame_000410.jpg,5,NOT DETECTED,,,,,,,,,,,,,,
frame_000412.jpg,1,NOT DETECTED,,,,,,,,,,,,,,
frame_000412.jpg,2,NOT DETECTED,,,,,,,,,,,,,,
frame_000412.jpg,3,NOT DETECTED,,,,,,,,,,,,,,
frame_000412.jpg,4,NOT DETECTED,,,,,,,,,,,,,,
frame_000412.jpg,5,NOT DETECTED,,,,,,,,,,,,,,
frame_000414.jpg,1,NOT DETECTED,,,,,,,,,,,,,,
frame_000414.jpg,2,NOT DETECTED,,,,,,,,,,,,,,
frame_000414.jpg,3,NOT DETECTED,,,,,,,,,,,,,,
frame_000414.jpg,4,NOT DETECTED,,,,,,,,,,,,,,
frame_000414.jpg,5,NOT DETECTED,,,,,,,,,,,,,,
frame_000416.jpg,1,NOT DETECTED,,,,,,,,,,,,,,
frame_000416.jpg,2,NOT DETECTED,,,,,,,,,,,,,,
frame_000416.jpg,3,NOT DETECTED,,,,,,,,,,,,,,
frame_000416.jpg,4,NOT DETECTED,,,,,,,,,,,,,,
frame_000416.jpg,5,NOT DETECTED,,,,,,,,,,,,,,
frame_000418.jpg,1,NOT DETECTED,,,,,,,,,,,,,,
frame_000418.jpg,2,NOT DETECTED,,,,,,,,,,,,,,
frame_000418.jpg,3,NOT DETECTED,,,,,,,,,,,,,,
frame_000418.jpg,4,NOT DETECTED,,,,,,,,,,,,,,
frame_000418.jpg,5,NOT DETECTED,,,,,,,,,,,,,,
frame_000420.jpg,1,NOT DETECTED,,,,,,,,,,,,,,
frame_000420.jpg,2,NOT DETECTED,,,,,,,,,,,,,,
frame_000420.jpg,3,NOT DETECTED,,,,,,,,,,,,,,
frame_000420.jpg,4,NOT DETECTED,,,,,,,,,,,,,,
frame_000420.jpg,5,NOT DETECTED,,,,,,,,,,,,,,
frame_000422.jpg,1,NOT DETECTED,,,,,,,,,,,,,,
frame_000422.jpg,2,NOT DETECTED,,,,,,,,,,,,,,
frame_000422.jpg,3,NOT DETECTED,,,,,,,,,,,,,,
frame_000422.jpg,4,NOT DETECTED,,,,,,,,,,,,,,
frame_000422.jpg,5,NOT DETECTED,,,,,,,,,,,,,,
frame_000424.jpg,1,NOT DETECTED,,,,,,,,,,,,,,
frame_000424.jpg,2,NOT DETECTED,,,,,,,,,,,,,,
frame_000424.jpg,3,NOT DETECTED,,,,,,,,,,,,,,
frame_000424.jpg,4,NOT DETECTED,,,,,,,,,,,,,,
frame_000424.jpg,5,NOT DETECTED,,,,,,,,,,,,,,
frame_000426.jpg,1,NOT DETECTED,,,,,,,,,,,,,,
frame_000426.jpg,2,NOT DETECTED,,,,,,,,,,,,,,
frame_000426.jpg,3,NOT DETECTED,,,,,,,,,,,,,,
frame_000426.jpg,4,NOT DETECTED,,,,,,,,,,,,,,
frame_000426.jpg,5,NOT DETECTED,,,,,,,,,,,,,,
frame_000428.jpg,1,NOT DETECTED,,,,,,,,,,,,,,
frame_000428.jpg,2,NOT DETECTED,,,,,,,,,,,,,,
frame_000428.jpg,3,NOT DETECTED,,,,,,,,,,,,,,
frame_000428.jpg,4,NOT DETECTED,,,,,,,,,,,,,,
frame_000428.jpg,5,NOT DETECTED,,,,,,,,,,,,,,
frame_000430.jpg,1,NOT DETECTED,,,,,,,,,,,,,,
frame_000430.jpg,2,NOT DETECTED,,,,,,,,,,,,,,
frame_000430.jpg,3,NOT DETECTED,,,,,,,,,,,,,,
frame_000430.jpg,4,NOT DETECTED,,,,,,,,,,,,,,
frame_000430.jpg,5,NOT DETECTED,,,,,,,,,,,,,,
frame_000432.jpg,1,NOT DETECTED,,,,,,,,,,,,,,
frame_000432.jpg,2,NOT DETECTED,,,,,,,,,,,,,,
frame_000432.jpg,3,NOT DETECTED,,,,,,,,,,,,,,
frame_000432.jpg,4,NOT DETECTED,,,,,,,,,,,,,,
frame_000432.jpg,5,NOT DETECTED,,,,,,,,,,,,,,
frame_000434.jpg,1,NOT DETECTED,,,,,,,,,,,,,,
frame_000434.jpg,2,NOT DETECTED,,,,,,,,,,,,,,
frame_000434.jpg,3,NOT DETECTED,,,,,,,,,,,,,,
frame_000434.jpg,4,NOT DETECTED,,,,,,,,,,,,,,
frame_000434.jpg,5,NOT DETECTED,,,,,,,,,,,,,,
frame_000436.jpg,1,NOT DETECTED,,,,,,,,,,,,,,
frame_000436.jpg,2,NOT DETECTED,,,,,,,,,,,,,,
frame_000436.jpg,3,NOT DETECTED,,,,,,,,,,,,,,
frame_000436.jpg,4,NOT DETECTED,,,,,,,,,,,,,,
frame_000436.jpg,5,NOT DETECTED,,,,,,,,,,,,,,
frame_000438.jpg,1,NOT DETECTED,,,,,,,,,,,,,,
frame_000438.jpg,2,NOT DETECTED,,,,,,,,,,,,,,
frame_000438.jpg,3,NOT DETECTED,,,,,,,,,,,,,,
frame_000438.jpg,4,NOT DETECTED,,,,,,,,,,,,,,
frame_000438.jpg,5,NOT DETECTED,,,,,,,,,,,,,,
frame_000440.jpg,1,NOT DETECTED,,,,,,,,,,,,,,
frame_000440.jpg,2,NOT DETECTED,,,,,,,,,,,,,,
frame_000440.jpg,3,NOT DETECTED,,,,,,,,,,,,,,
frame_000440.jpg,4,NOT DETECTED,,,,,,,,,,,,,,
frame_000440.jpg,5,NOT DETECTED,,,,,,,,,,,,,,
frame_000442.jpg,1,NOT DETECTED,,,,,,,,,,,,,,
frame_000442.jpg,2,NOT DETECTED,,,,,,,,,,,,,,
frame_000442.jpg,3,NOT DETECTED,,,,,,,,,,,,,,
frame_000442.jpg,4,NOT DETECTED,,,,,,,,,,,,,,
frame_000442.jpg,5,NOT DETECTED,,,,,,,,,,,,,,
frame_000444.jpg,1,NOT DETECTED,,,,,,,,,,,,,,
frame_000444.jpg,2,NOT DETECTED,,,,,,,,,,,,,,
frame_000444.jpg,3,NOT DETECTED,,,,,,,,,,,,,,
frame_000444.jpg,4,NOT DETECTED,,,,,,,,,,,,,,
frame_000444.jpg,5,NOT DETECTED,,,,,,,,,,,,,,
frame_000446.jpg,1,NOT DETECTED,,,,,,,,,,,,,,
frame_000446.jpg,2,NOT DETECTED,,,,,,,,,,,,,,
frame_000446.jpg,3,NOT DETECTED,,,,,,,,,,,,,,
frame_000446.jpg,4,NOT DETECTED,,,,,,,,,,,,,,
frame_000446.jpg,5,NOT DETECTED,,,,,,,,,,,,,,
frame_000448.jpg,1,NOT DETECTED,,,,,,,,,,,,,,
frame_000448.jpg,2,NOT DETECTED,,,,,,,,,,,,,,
frame_000448.jpg,3,NOT DETECTED,,,,,,,,,,,,,,
frame_000448.jpg,4,NOT DETECTED,,,,,,,,,,,,,,
frame_000448.jpg,5,NOT DETECTED,,,,,,,,,,,,,,
frame_000450.jpg,1,NOT DETECTED,,,,,,,,,,,,,,
frame_000450.jpg,2,NOT DETECTED,,,,,,,,,,,,,,
frame_000450.jpg,3,NOT DETECTED,,,,,,,,,,,,,,
frame_000450.jpg,4,NOT DETECTED,,,,,,,,,,,,,,
frame_000450.jpg,5,NOT DETECTED,,,,,,,,,,,,,,
frame_000452.jpg,1,NOT DETECTED,,,,,,,,,,,,,,
frame_000452.jpg,2,NOT DETECTED,,,,,,,,,,,,,,
frame_000452.jpg,3,NOT DETECTED,,,,,,,,,,,,,,
frame_000452.jpg,4,NOT DETECTED,,,,,,,,,,,,,,
frame_000452.jpg,5,NOT DETECTED,,,,,,,,,,,,,,
frame_000454.jpg,1,NOT DETECTED,,,,,,,,,,,,,,
frame_000454.jpg,2,NOT DETECTED,,,,,,,,,,,,,,
frame_000454.jpg,3,NOT DETECTED,,,,,,,,,,,,,,
frame_000454.jpg,4,NOT DETECTED,,,,,,,,,,,,,,
frame_000454.jpg,5,NOT DETECTED,,,,,,,,,,,,,,
frame_000456.jpg,1,NOT DETECTED,,,,,,,,,,,,,,
frame_000456.jpg,2,NOT DETECTED,,,,,,,,,,,,,,
frame_000456.jpg,3,NOT DETECTED,,,,,,,,,,,,,,
frame_000456.jpg,4,NOT DETECTED,,,,,,,,,,,,,,
frame_000456.jpg,5,NOT DETECTED,,,,,,,,,,,,,,
frame_000458.jpg,1,NOT DETECTED,,,,,,,,,,,,,,
frame_000458.jpg,2,NOT DETECTED,,,,,,,,,,,,,,
frame_000458.jpg,3,NOT DETECTED,,,,,,,,,,,,,,
frame_000458.jpg,4,NOT DETECTED,,,,,,,,,,,,,,
frame_000458.jpg,5,NOT DETECTED,,,,,,,,,,,,,,
frame_000460.jpg,1,NOT DETECTED,,,,,,,,,,,,,,
frame_000460.jpg,2,NOT DETECTED,,,,,,,,,,,,,,
frame_000460.jpg,3,NOT DETECTED,,,,,,,,,,,,,,
frame_000460.jpg,4,NOT DETECTED,,,,,,,,,,,,,,
frame_000460.jpg,5,NOT DETECTED,,,,,,,,,,,,,,
frame_000462.jpg,1,NOT DETECTED,,,,,,,,,,,,,,
frame_000462.jpg,2,NOT DETECTED,,,,,,,,,,,,,,
frame_000462.jpg,3,NOT DETECTED,,,,,,,,,,,,,,
frame_000462.jpg,4,NOT DETECTED,,,,,,,,,,,,,,
frame_000462.jpg,5,NOT DETECTED,,,,,,,,,,,,,,
frame_000464.jpg,1,NOT DETECTED,,,,,,,,,,,,,,
frame_000464.jpg,2,NOT DETECTED,,,,,,,,,,,,,,
frame_000464.jpg,3,NOT DETECTED,,,,,,,,,,,,,,
frame_000464.jpg,4,NOT DETECTED,,,,,,,,,,,,,,
frame_000464.jpg,5,NOT DETECTED,,,,,,,,,,,,,,
frame_000466.jpg,1,NOT DETECTED,,,,,,,,,,,,,,
frame_000466.jpg,2,NOT DETECTED,,,,,,,,,,,,,,
frame_000466.jpg,3,NOT DETECTED,,,,,,,,,,,,,,
frame_000466.jpg,4,NOT DETECTED,,,,,,,,,,,,,,
frame_000466.jpg,5,NOT DETECTED,,,,,,,,,,,,,,
frame_000468.jpg,1,NOT DETECTED,,,,,,,,,,,,,,
frame_000468.jpg,2,NOT DETECTED,,,,,,,,,,,,,,
frame_000468.jpg,3,NOT DETECTED,,,,,,,,,,,,,,
frame_000468.jpg,4,NOT DETECTED,,,,,,,,,,,,,,
frame_000468.jpg,5,NOT DETECTED,,,,,,,,,,,,,,
frame_000470.jpg,1,NOT DETECTED,,,,,,,,,,,,,,
frame_000470.jpg,2,NOT DETECTED,,,,,,,,,,,,,,
frame_000470.jpg,3,NOT DETECTED,,,,,,,,,,,,,,
frame_000470.jpg,4,NOT DETECTED,,,,,,,,,,,,,,
frame_000470.jpg,5,NOT DETECTED,,,,,,,,,,,,,,
frame_000472.jpg,1,NOT DETECTED,,,,,,,,,,,,,,
frame_000472.jpg,2,NOT DETECTED,,,,,,,,,,,,,,
frame_000472.jpg,3,NOT DETECTED,,,,,,,,,,,,,,
frame_000472.jpg,4,NOT DETECTED,,,,,,,,,,,,,,
frame_000472.jpg,5,NOT DETECTED,,,,,,,,,,,,,,
frame_000474.jpg,1,NOT DETECTED,,,,,,,,,,,,,,
frame_000474.jpg,2,NOT DETECTED,,,,,,,,,,,,,,
frame_000474.jpg,3,NOT DETECTED,,,,,,,,,,,,,,
frame_000474.jpg,4,NOT DETECTED,,,,,,,,,,,,,,
frame_000474.jpg,5,NOT DETECTED,,,,,,,,,,,,,,
frame_000476.jpg,1,NOT DETECTED,,,,,,,,,,,,,,
frame_000476.jpg,2,NOT DETECTED,,,,,,,,,,,,,,
frame_000476.jpg,3,NOT DETECTED,,,,,,,,,,,,,,
frame_000476.jpg,4,NOT DETECTED,,,,,,,,,,,,,,
frame_000476.jpg,5,NOT DETECTED,,,,,,,,,,,,,,
frame_000478.jpg,1,NOT DETECTED,,,,,,,,,,,,,,
frame_000478.jpg,2,NOT DETECTED,,,,,,,,,,,,,,
frame_000478.jpg,3,NOT DETECTED,,,,,,,,,,,,,,
frame_000478.jpg,4,NOT DETECTED,,,,,,,,,,,,,,
frame_000478.jpg,5,NOT DETECTED,,,,,,,,,,,,,,
frame_000480.jpg,1,NOT DETECTED,,,,,,,,,,,,,,
frame_000480.jpg,2,NOT DETECTED,,,,,,,,,,,,,,
frame_000480.jpg,3,NOT DETECTED,,,,,,,,,,,,,,
frame_000480.jpg,4,NOT DETECTED,,,,,,,,,,,,,,
frame_000480.jpg,5,NOT DETECTED,,,,,,,,,,,,,,
frame_000482.jpg,1,NOT DETECTED,,,,,,,,,,,,,,
frame_000482.jpg,2,NOT DETECTED,,,,,,,,,,,,,,
frame_000482.jpg,3,NOT DETECTED,,,,,,,,,,,,,,
frame_000482.jpg,4,NOT DETECTED,,,,,,,,,,,,,,
frame_000482.jpg,5,NOT DETECTED,,,,,,,,,,,,,,
frame_000484.jpg,1,NOT DETECTED,,,,,,,,,,,,,,
frame_000484.jpg,2,NOT DETECTED,,,,,,,,,,,,,,
frame_000484.jpg,3,NOT DETECTED,,,,,,,,,,,,,,
frame_000484.jpg,4,NOT DETECTED,,,,,,,,,,,,,,
frame_000484.jpg,5,NOT DETECTED,,,,,,,,,,,,,,
frame_000486.jpg,1,NOT DETECTED,,,,,,,,,,,,,,
frame_000486.jpg,2,NOT DETECTED,,,,,,,,,,,,,,
frame_000486.jpg,3,NOT DETECTED,,,,,,,,,,,,,,
frame_000486.jpg,4,NOT DETECTED,,,,,,,,,,,,,,
frame_000486.jpg,5,NOT DETECTED,,,,,,,,,,,,,,
frame_000488.jpg,1,NOT DETECTED,,,,,,,,,,,,,,
frame_000488.jpg,2,NOT DETECTED,,,,,,,,,,,,,,
frame_000488.jpg,3,NOT DETECTED,,,,,,,,,,,,,,
frame_000488.jpg,4,NOT DETECTED,,,,,,,,,,,,,,
frame_000488.jpg,5,NOT DETECTED,,,,,,,,,,,,,,
frame_000490.jpg,1,NOT DETECTED,,,,,,,,,,,,,,
frame_000490.jpg,2,NOT DETECTED,,,,,,,,,,,,,,
frame_000490.jpg,3,NOT DETECTED,,,,,,,,,,,,,,
frame_000490.jpg,4,NOT DETECTED,,,,,,,,,,,,,,
frame_000490.jpg,5,NOT DETECTED,,,,,,,,,,,,,,
frame_000492.jpg,1,NOT DETECTED,,,,,,,,,,,,,,
frame_000492.jpg,2,NOT DETECTED,,,,,,,,,,,,,,
frame_000492.jpg,3,NOT DETECTED,,,,,,,,,,,,,,
frame_000492.jpg,4,NOT DETECTED,,,,,,,,,,,,,,
frame_000492.jpg,5,NOT DETECTED,,,,,,,,,,,,,,
frame_000494.jpg,1,NOT DETECTED,,,,,,,,,,,,,,
frame_000494.jpg,2,NOT DETECTED,,,,,,,,,,,,,,
frame_000494.jpg,3,NOT DETECTED,,,,,,,,,,,,,,
frame_000494.jpg,4,NOT DETECTED,,,,,,,,,,,,,,
frame_000494.jpg,5,NOT DETECTED,,,,,,,,,,,,,,
frame_000496.jpg,1,NOT DETECTED,,,,,,,,,,,,,,
frame_000496.jpg,2,NOT DETECTED,,,,,,,,,,,,,,
frame_000496.jpg,3,NOT DETECTED,,,,,,,,,,,,,,
frame_000496.jpg,4,NOT DETECTED,,,,,,,,,,,,,,
frame_000496.jpg,5,NOT DETECTED,,,,,,,,,,,,,,
frame_000498.jpg,1,NOT DETECTED,,,,,,,,,,,,,,
frame_000498.jpg,2,NOT DETECTED,,,,,,,,,,,,,,
frame_000498.jpg,3,NOT DETECTED,,,,,,,,,,,,,,
frame_000498.jpg,4,NOT DETECTED,,,,,,,,,,,,,,
frame_000498.jpg,5,NOT DETECTED,,,,,,,,,,,,,,
frame_000500.jpg,1,NOT DETECTED,,,,,,,,,,,,,,
frame_000500.jpg,2,NOT DETECTED,,,,,,,,,,,,,,
frame_000500.jpg,3,NOT DETECTED,,,,,,,,,,,,,,
frame_000500.jpg,4,NOT DETECTED,,,,,,,,,,,,,,
frame_000500.jpg,5,NOT DETECTED,,,,,,,,,,,,,,
frame_000502.jpg,1,NOT DETECTED,,,,,,,,,,,,,,
frame_000502.jpg,2,NOT DETECTED,,,,,,,,,,,,,,
frame_000502.jpg,3,NOT DETECTED,,,,,,,,,,,,,,
frame_000502.jpg,4,NOT DETECTED,,,,,,,,,,,,,,
frame_000502.jpg,5,NOT DETECTED,,,,,,,,,,,,,,
frame_000504.jpg,1,NOT DETECTED,,,,,,,,,,,,,,
frame_000504.jpg,2,NOT DETECTED,,,,,,,,,,,,,,
frame_000504.jpg,3,NOT DETECTED,,,,,,,,,,,,,,
frame_000504.jpg,4,NOT DETECTED,,,,,,,,,,,,,,
frame_000504.jpg,5,NOT DETECTED,,,,,,,,,,,,,,
frame_000506.jpg,1,NOT DETECTED,,,,,,,,,,,,,,
frame_000506.jpg,2,NOT DETECTED,,,,,,,,,,,,,,
frame_000506.jpg,3,NOT DETECTED,,,,,,,,,,,,,,
frame_000506.jpg,4,NOT DETECTED,,,,,,,,,,,,,,
frame_000506.jpg,5,NOT DETECTED,,,,,,,,,,,,,,
frame_000508.jpg,1,NOT DETECTED,,,,,,,,,,,,,,
frame_000508.jpg,2,NOT DETECTED,,,,,,,,,,,,,,
frame_000508.jpg,3,NOT DETECTED,,,,,,,,,,,,,,
frame_000508.jpg,4,NOT DETECTED,,,,,,,,,,,,,,
frame_000508.jpg,5,NOT DETECTED,,,,,,,,,,,,,,
frame_000510.jpg,1,NOT DETECTED,,,,,,,,,,,,,,
frame_000510.jpg,2,NOT DETECTED,,,,,,,,,,,,,,
frame_000510.jpg,3,NOT DETECTED,,,,,,,,,,,,,,
frame_000510.jpg,4,NOT DETECTED,,,,,,,,,,,,,,
frame_000510.jpg,5,NOT DETECTED,,,,,,,,,,,,,,
frame_000512.jpg,1,NOT DETECTED,,,,,,,,,,,,,,
frame_000512.jpg,2,NOT DETECTED,,,,,,,,,,,,,,
frame_000512.jpg,3,NOT DETECTED,,,,,,,,,,,,,,
frame_000512.jpg,4,NOT DETECTED,,,,,,,,,,,,,,
frame_000512.jpg,5,NOT DETECTED,,,,,,,,,,,,,,
frame_000514.jpg,1,NOT DETECTED,,,,,,,,,,,,,,
frame_000514.jpg,2,NOT DETECTED,,,,,,,,,,,,,,
frame_000514.jpg,3,NOT DETECTED,,,,,,,,,,,,,,
frame_000514.jpg,4,NOT DETECTED,,,,,,,,,,,,,,
frame_000514.jpg,5,NOT DETECTED,,,,,,,,,,,,,,
frame_000516.jpg,1,NOT DETECTED,,,,,,,,,,,,,,
frame_000516.jpg,2,NOT DETECTED,,,,,,,,,,,,,,
frame_000516.jpg,3,NOT DETECTED,,,,,,,,,,,,,,
frame_000516.jpg,4,NOT DETECTED,,,,,,,,,,,,,,
frame_000516.jpg,5,NOT DETECTED,,,,,,,,,,,,,,
frame_000518.jpg,1,NOT DETECTED,,,,,,,,,,,,,,
frame_000518.jpg,2,NOT DETECTED,,,,,,,,,,,,,,
frame_000518.jpg,3,NOT DETECTED,,,,,,,,,,,,,,
frame_000518.jpg,4,NOT DETECTED,,,,,,,,,,,,,,
frame_000518.jpg,5,NOT DETECTED,,,,,,,,,,,,,,
frame_000520.jpg,1,NOT DETECTED,,,,,,,,,,,,,,
frame_000520.jpg,2,NOT DETECTED,,,,,,,,,,,,,,
frame_000520.jpg,3,NOT DETECTED,,,,,,,,,,,,,,
frame_000520.jpg,4,NOT DETECTED,,,,,,,,,,,,,,
frame_000520.jpg,5,NOT DETECTED,,,,,,,,,,,,,,
frame_000522.jpg,1,NOT DETECTED,,,,,,,,,,,,,,
frame_000522.jpg,2,NOT DETECTED,,,,,,,,,,,,,,
frame_000522.jpg,3,NOT DETECTED,,,,,,,,,,,,,,
frame_000522.jpg,4,NOT DETECTED,,,,,,,,,,,,,,
frame_000522.jpg,5,NOT DETECTED,,,,,,,,,,,,,,
frame_000524.jpg,1,NOT DETECTED,,,,,,,,,,,,,,
frame_000524.jpg,2,NOT DETECTED,,,,,,,,,,,,,,
frame_000524.jpg,3,NOT DETECTED,,,,,,,,,,,,,,
frame_000524.jpg,4,NOT DETECTED,,,,,,,,,,,,,,
frame_000524.jpg,5,NOT DETECTED,,,,,,,,,,,,,,
frame_000526.jpg,1,NOT DETECTED,,,,,,,,,,,,,,
frame_000526.jpg,2,NOT DETECTED,,,,,,,,,,,,,,
frame_000526.jpg,3,NOT DETECTED,,,,,,,,,,,,,,
frame_000526.jpg,4,NOT DETECTED,,,,,,,,,,,,,,
frame_000526.jpg,5,NOT DETECTED,,,,,,,,,,,,,,
frame_000528.jpg,1,NOT DETECTED,,,,,,,,,,,,,,
frame_000528.jpg,2,NOT DETECTED,,,,,,,,,,,,,,
frame_000528.jpg,3,NOT DETECTED,,,,,,,,,,,,,,
frame_000528.jpg,4,NOT DETECTED,,,,,,,,,,,,,,
frame_000528.jpg,5,NOT DETECTED,,,,,,,,,,,,,,
frame_000530.jpg,1,NOT DETECTED,,,,,,,,,,,,,,
frame_000530.jpg,2,NOT DETECTED,,,,,,,,,,,,,,
frame_000530.jpg,3,NOT DETECTED,,,,,,,,,,,,,,
frame_000530.jpg,4,NOT DETECTED,,,,,,,,,,,,,,
frame_000530.jpg,5,NOT DETECTED,,,,,,,,,,,,,,
frame_000532.jpg,1,NOT DETECTED,,,,,,,,,,,,,,
frame_000532.jpg,2,NOT DETECTED,,,,,,,,,,,,,,
frame_000532.jpg,3,NOT DETECTED,,,,,,,,,,,,,,
frame_000532.jpg,4,NOT DETECTED,,,,,,,,,,,,,,
frame_000532.jpg,5,NOT DETECTED,,,,,,,,,,,,,,
frame_000534.jpg,1,NOT DETECTED,,,,,,,,,,,,,,
frame_000534.jpg,2,NOT DETECTED,,,,,,,,,,,,,,
frame_000534.jpg,3,NOT DETECTED,,,,,,,,,,,,,,
frame_000534.jpg,4,NOT DETECTED,,,,,,,,,,,,,,
frame_000534.jpg,5,NOT DETECTED,,,,,,,,,,,,,,
frame_000536.jpg,1,NOT DETECTED,,,,,,,,,,,,,,
frame_000536.jpg,2,NOT DETECTED,,,,,,,,,,,,,,
frame_000536.jpg,3,NOT DETECTED,,,,,,,,,,,,,,
frame_000536.jpg,4,NOT DETECTED,,,,,,,,,,,,,,
frame_000536.jpg,5,NOT DETECTED,,,,,,,,,,,,,,
frame_000538.jpg,1,NOT DETECTED,,,,,,,,,,,,,,
frame_000538.jpg,2,NOT DETECTED,,,,,,,,,,,,,,
frame_000538.jpg,3,NOT DETECTED,,,,,,,,,,,,,,
frame_000538.jpg,4,NOT DETECTED,,,,,,,,,,,,,,
frame_000538.jpg,5,NOT DETECTED,,,,,,,,,,,,,,
frame_000540.jpg,1,NOT DETECTED,,,,,,,,,,,,,,
frame_000540.jpg,2,NOT DETECTED,,,,,,,,,,,,,,
frame_000540.jpg,3,NOT DETECTED,,,,,,,,,,,,,,
frame_000540.jpg,4,NOT DETECTED,,,,,,,,,,,,,,
frame_000540.jpg,5,NOT DETECTED,,,,,,,,,,,,,,
frame_000542.jpg,1,NOT DETECTED,,,,,,,,,,,,,,
frame_000542.jpg,2,NOT DETECTED,,,,,,,,,,,,,,
frame_000542.jpg,3,NOT DETECTED,,,,,,,,,,,,,,
frame_000542.jpg,4,NOT DETECTED,,,,,,,,,,,,,,
frame_000542.jpg,5,NOT DETECTED,,,,,,,,,,,,,,
frame_000544.jpg,1,NOT DETECTED,,,,,,,,,,,,,,
frame_000544.jpg,2,NOT DETECTED,,,,,,,,,,,,,,
frame_000544.jpg,3,NOT DETECTED,,,,,,,,,,,,,,
frame_000544.jpg,4,NOT DETECTED,,,,,,,,,,,,,,
frame_000544.jpg,5,NOT DETECTED,,,,,,,,,,,,,,
frame_000546.jpg,1,NOT DETECTED,,,,,,,,,,,,,,
frame_000546.jpg,2,NOT DETECTED,,,,,,,,,,,,,,
frame_000546.jpg,3,NOT DETECTED,,,,,,,,,,,,,,
frame_000546.jpg,4,NOT DETECTED,,,,,,,,,,,,,,
frame_000546.jpg,5,NOT DETECTED,,,,,,,,,,,,,,
frame_000548.jpg,1,NOT DETECTED,,,,,,,,,,,,,,
frame_000548.jpg,2,NOT DETECTED,,,,,,,,,,,,,,
frame_000548.jpg,3,NOT DETECTED,,,,,,,,,,,,,,
frame_000548.jpg,4,NOT DETECTED,,,,,,,,,,,,,,
frame_000548.jpg,5,NOT DETECTED,,,,,,,,,,,,,,
frame_000550.jpg,1,NOT DETECTED,,,,,,,,,,,,,,
frame_000550.jpg,2,NOT DETECTED,,,,,,,,,,,,,,
frame_000550.jpg,3,NOT DETECTED,,,,,,,,,,,,,,
frame_000550.jpg,4,NOT DETECTED,,,,,,,,,,,,,,
frame_000550.jpg,5,NOT DETECTED,,,,,,,,,,,,,,
frame_000552.jpg,1,NOT DETECTED,,,,,,,,,,,,,,
frame_000552.jpg,2,NOT DETECTED,,,,,,,,,,,,,,
frame_000552.jpg,3,NOT DETECTED,,,,,,,,,,,,,,
frame_000552.jpg,4,NOT DETECTED,,,,,,,,,,,,,,
frame_000552.jpg,5,NOT DETECTED,,,,,,,,,,,,,,
frame_000554.jpg,1,NOT DETECTED,,,,,,,,,,,,,,
frame_000554.jpg,2,NOT DETECTED,,,,,,,,,,,,,,
frame_000554.jpg,3,NOT DETECTED,,,,,,,,,,,,,,
frame_000554.jpg,4,NOT DETECTED,,,,,,,,,,,,,,
frame_000554.jpg,5,NOT DETECTED,,,,,,,,,,,,,,
frame_000556.jpg,1,NOT DETECTED,,,,,,,,,,,,,,
frame_000556.jpg,2,NOT DETECTED,,,,,,,,,,,,,,
frame_000556.jpg,3,NOT DETECTED,,,,,,,,,,,,,,
frame_000556.jpg,4,NOT DETECTED,,,,,,,,,,,,,,
frame_000556.jpg,5,NOT DETECTED,,,,,,,,,,,,,,
frame_000558.jpg,1,NOT DETECTED,,,,,,,,,,,,,,
frame_000558.jpg,2,NOT DETECTED,,,,,,,,,,,,,,
frame_000558.jpg,3,NOT DETECTED,,,,,,,,,,,,,,
frame_000558.jpg,4,NOT DETECTED,,,,,,,,,,,,,,
frame_000558.jpg,5,NOT DETECTED,,,,,,,,,,,,,,
frame_000560.jpg,1,NOT DETECTED,,,,,,,,,,,,,,
frame_000560.jpg,2,NOT DETECTED,,,,,,,,,,,,,,
frame_000560.jpg,3,NOT DETECTED,,,,,,,,,,,,,,
frame_000560.jpg,4,NOT DETECTED,,,,,,,,,,,,,,
frame_000560.jpg,5,NOT DETECTED,,,,,,,,,,,,,,
frame_000562.jpg,1,NOT DETECTED,,,,,,,,,,,,,,
frame_000562.jpg,2,NOT DETECTED,,,,,,,,,,,,,,
frame_000562.jpg,3,NOT DETECTED,,,,,,,,,,,,,,
frame_000562.jpg,4,NOT DETECTED,,,,,,,,,,,,,,
frame_000562.jpg,5,NOT DETECTED,,,,,,,,,,,,,,
frame_000564.jpg,1,NOT DETECTED,,,,,,,,,,,,,,
frame_000564.jpg,2,NOT DETECTED,,,,,,,,,,,,,,
frame_000564.jpg,3,NOT DETECTED,,,,,,,,,,,,,,
frame_000564.jpg,4,NOT DETECTED,,,,,,,,,,,,,,
frame_000564.jpg,5,NOT DETECTED,,,,,,,,,,,,,,
frame_000566.jpg,1,NOT DETECTED,,,,,,,,,,,,,,
frame_000566.jpg,2,NOT DETECTED,,,,,,,,,,,,,,
frame_000566.jpg,3,NOT DETECTED,,,,,,,,,,,,,,
frame_000566.jpg,4,NOT DETECTED,,,,,,,,,,,,,,
frame_000566.jpg,5,NOT DETECTED,,,,,,,,,,,,,,
frame_000568.jpg,1,NOT DETECTED,,,,,,,,,,,,,,
frame_000568.jpg,2,NOT DETECTED,,,,,,,,,,,,,,
frame_000568.jpg,3,NOT DETECTED,,,,,,,,,,,,,,
frame_000568.jpg,4,NOT DETECTED,,,,,,,,,,,,,,
frame_000568.jpg,5,NOT DETECTED,,,,,,,,,,,,,,
frame_000570.jpg,1,NOT DETECTED,,,,,,,,,,,,,,
frame_000570.jpg,2,NOT DETECTED,,,,,,,,,,,,,,
frame_000570.jpg,3,NOT DETECTED,,,,,,,,,,,,,,
frame_000570.jpg,4,NOT DETECTED,,,,,,,,,,,,,,
frame_000570.jpg,5,NOT DETECTED,,,,,,,,,,,,,,
frame_000572.jpg,1,NOT DETECTED,,,,,,,,,,,,,,
frame_000572.jpg,2,NOT DETECTED,,,,,,,,,,,,,,
frame_000572.jpg,3,NOT DETECTED,,,,,,,,,,,,,,
frame_000572.jpg,4,NOT DETECTED,,,,,,,,,,,,,,
frame_000572.jpg,5,NOT DETECTED,,,,,,,,,,,,,,
frame_000574.jpg,1,NOT DETECTED,,,,,,,,,,,,,,
frame_000574.jpg,2,NOT DETECTED,,,,,,,,,,,,,,
frame_000574.jpg,3,NOT DETECTED,,,,,,,,,,,,,,
frame_000574.jpg,4,NOT DETECTED,,,,,,,,,,,,,,
frame_000574.jpg,5,NOT DETECTED,,,,,,,,,,,,,,
frame_000576.jpg,1,NOT DETECTED,,,,,,,,,,,,,,
frame_000576.jpg,2,NOT DETECTED,,,,,,,,,,,,,,
frame_000576.jpg,3,NOT DETECTED,,,,,,,,,,,,,,
frame_000576.jpg,4,NOT DETECTED,,,,,,,,,,,,,,
frame_000576.jpg,5,NOT DETECTED,,,,,,,,,,,,,,
frame_000578.jpg,1,NOT DETECTED,,,,,,,,,,,,,,
frame_000578.jpg,2,NOT DETECTED,,,,,,,,,,,,,,
frame_000578.jpg,3,NOT DETECTED,,,,,,,,,,,,,,
frame_000578.jpg,4,NOT DETECTED,,,,,,,,,,,,,,
frame_000578.jpg,5,NOT DETECTED,,,,,,,,,,,,,,
frame_000580.jpg,1,NOT DETECTED,,,,,,,,,,,,,,
frame_000580.jpg,2,NOT DETECTED,,,,,,,,,,,,,,
frame_000580.jpg,3,NOT DETECTED,,,,,,,,,,,,,,
frame_000580.jpg,4,NOT DETECTED,,,,,,,,,,,,,,
frame_000580.jpg,5,NOT DETECTED,,,,,,,,,,,,,,
frame_000582.jpg,1,NOT DETECTED,,,,,,,,,,,,,,
frame_000582.jpg,2,NOT DETECTED,,,,,,,,,,,,,,
frame_000582.jpg,3,NOT DETECTED,,,,,,,,,,,,,,
frame_000582.jpg,4,NOT DETECTED,,,,,,,,,,,,,,
frame_000582.jpg,5,NOT DETECTED,,,,,,,,,,,,,,
frame_000584.jpg,1,NOT DETECTED,,,,,,,,,,,,,,
frame_000584.jpg,2,NOT DETECTED,,,,,,,,,,,,,,
frame_000584.jpg,3,NOT DETECTED,,,,,,,,,,,,,,
frame_000584.jpg,4,NOT DETECTED,,,,,,,,,,,,,,
frame_000584.jpg,5,NOT DETECTED,,,,,,,,,,,,,,
frame_000586.jpg,1,NOT DETECTED,,,,,,,,,,,,,,
frame_000586.jpg,2,NOT DETECTED,,,,,,,,,,,,,,
frame_000586.jpg,3,NOT DETECTED,,,,,,,,,,,,,,
frame_000586.jpg,4,NOT DETECTED,,,,,,,,,,,,,,
frame_000586.jpg,5,NOT DETECTED,,,,,,,,,,,,,,
frame_000588.jpg,1,NOT DETECTED,,,,,,,,,,,,,,
frame_000588.jpg,2,NOT DETECTED,,,,,,,,,,,,,,
frame_000588.jpg,3,NOT DETECTED,,,,,,,,,,,,,,
frame_000588.jpg,4,NOT DETECTED,,,,,,,,,,,,,,
frame_000588.jpg,5,NOT DETECTED,,,,,,,,,,,,,,
frame_000590.jpg,1,NOT DETECTED,,,,,,,,,,,,,,
frame_000590.jpg,2,NOT DETECTED,,,,,,,,,,,,,,
frame_000590.jpg,3,NOT DETECTED,,,,,,,,,,,,,,
frame_000590.jpg,4,NOT DETECTED,,,,,,,,,,,,,,
frame_000590.jpg,5,NOT DETECTED,,,,,,,,,,,,,,
frame_000592.jpg,1,DETECTED,0,79.0,-0.2949,-0.1407,0.6698,20.75,52.87,-155.17,-0.1111,-0.4623,0.0633,0.8775,-222.4,-103.9
frame_000592.jpg,2,DETECTED,0,79.0,-0.2949,-0.1407,0.6698,20.75,52.87,-155.17,-0.1111,-0.4623,0.0633,0.8775,-222.4,-103.9
frame_000592.jpg,3,DETECTED,0,79.0,-0.2949,-0.1407,0.6698,20.75,52.87,-155.17,-0.1111,-0.4623,0.0633,0.8775,-222.4,-103.9
frame_000592.jpg,4,DETECTED,0,79.0,-0.2949,-0.1407,0.6698,20.75,52.87,-155.17,-0.1111,-0.4623,0.0633,0.8775,-222.4,-103.9
frame_000592.jpg,5,DETECTED,0,79.0,-0.2949,-0.1407,0.6698,20.75,52.87,-155.17,-0.1111,-0.4623,0.0633,0.8775,-222.4,-103.9
frame_000594.jpg,1,NOT DETECTED,,,,,,,,,,,,,,
frame_000594.jpg,2,NOT DETECTED,,,,,,,,,,,,,,
frame_000594.jpg,3,NOT DETECTED,,,,,,,,,,,,,,
frame_000594.jpg,4,NOT DETECTED,,,,,,,,,,,,,,
frame_000594.jpg,5,NOT DETECTED,,,,,,,,,,,,,,
frame_000596.jpg,1,NOT DETECTED,,,,,,,,,,,,,,
frame_000596.jpg,2,NOT DETECTED,,,,,,,,,,,,,,
frame_000596.jpg,3,NOT DETECTED,,,,,,,,,,,,,,
frame_000596.jpg,4,NOT DETECTED,,,,,,,,,,,,,,
frame_000596.jpg,5,NOT DETECTED,,,,,,,,,,,,,,
frame_000598.jpg,1,NOT DETECTED,,,,,,,,,,,,,,
frame_000598.jpg,2,NOT DETECTED,,,,,,,,,,,,,,
frame_000598.jpg,3,NOT DETECTED,,,,,,,,,,,,,,
frame_000598.jpg,4,NOT DETECTED,,,,,,,,,,,,,,
frame_000598.jpg,5,NOT DETECTED,,,,,,,,,,,,,,
frame_000600.jpg,1,NOT DETECTED,,,,,,,,,,,,,,
frame_000600.jpg,2,NOT DETECTED,,,,,,,,,,,,,,
frame_000600.jpg,3,NOT DETECTED,,,,,,,,,,,,,,
frame_000600.jpg,4,NOT DETECTED,,,,,,,,,,,,,,
frame_000600.jpg,5,NOT DETECTED,,,,,,,,,,,,,,
frame_000602.jpg,1,NOT DETECTED,,,,,,,,,,,,,,
frame_000602.jpg,2,NOT DETECTED,,,,,,,,,,,,,,
frame_000602.jpg,3,NOT DETECTED,,,,,,,,,,,,,,
frame_000602.jpg,4,NOT DETECTED,,,,,,,,,,,,,,
frame_000602.jpg,5,NOT DETECTED,,,,,,,,,,,,,,
frame_000604.jpg,1,NOT DETECTED,,,,,,,,,,,,,,
frame_000604.jpg,2,NOT DETECTED,,,,,,,,,,,,,,
frame_000604.jpg,3,NOT DETECTED,,,,,,,,,,,,,,
frame_000604.jpg,4,NOT DETECTED,,,,,,,,,,,,,,
frame_000604.jpg,5,NOT DETECTED,,,,,,,,,,,,,,
frame_000606.jpg,1,NOT DETECTED,,,,,,,,,,,,,,
frame_000606.jpg,2,NOT DETECTED,,,,,,,,,,,,,,
frame_000606.jpg,3,NOT DETECTED,,,,,,,,,,,,,,
frame_000606.jpg,4,NOT DETECTED,,,,,,,,,,,,,,
frame_000606.jpg,5,NOT DETECTED,,,,,,,,,,,,,,
frame_000608.jpg,1,NOT DETECTED,,,,,,,,,,,,,,
frame_000608.jpg,2,NOT DETECTED,,,,,,,,,,,,,,
frame_000608.jpg,3,NOT DETECTED,,,,,,,,,,,,,,
frame_000608.jpg,4,NOT DETECTED,,,,,,,,,,,,,,
frame_000608.jpg,5,NOT DETECTED,,,,,,,,,,,,,,
frame_000610.jpg,1,NOT DETECTED,,,,,,,,,,,,,,
frame_000610.jpg,2,NOT DETECTED,,,,,,,,,,,,,,
frame_000610.jpg,3,NOT DETECTED,,,,,,,,,,,,,,
frame_000610.jpg,4,NOT DETECTED,,,,,,,,,,,,,,
frame_000610.jpg,5,NOT DETECTED,,,,,,,,,,,,,,
frame_000612.jpg,1,NOT DETECTED,,,,,,,,,,,,,,
frame_000612.jpg,2,NOT DETECTED,,,,,,,,,,,,,,
frame_000612.jpg,3,NOT DETECTED,,,,,,,,,,,,,,
frame_000612.jpg,4,NOT DETECTED,,,,,,,,,,,,,,
frame_000612.jpg,5,NOT DETECTED,,,,,,,,,,,,,,
frame_000614.jpg,1,NOT DETECTED,,,,,,,,,,,,,,
frame_000614.jpg,2,NOT DETECTED,,,,,,,,,,,,,,
frame_000614.jpg,3,NOT DETECTED,,,,,,,,,,,,,,
frame_000614.jpg,4,NOT DETECTED,,,,,,,,,,,,,,
frame_000614.jpg,5,NOT DETECTED,,,,,,,,,,,,,,
frame_000616.jpg,1,NOT DETECTED,,,,,,,,,,,,,,
frame_000616.jpg,2,NOT DETECTED,,,,,,,,,,,,,,
frame_000616.jpg,3,NOT DETECTED,,,,,,,,,,,,,,
frame_000616.jpg,4,NOT DETECTED,,,,,,,,,,,,,,
frame_000616.jpg,5,NOT DETECTED,,,,,,,,,,,,,,
frame_000618.jpg,1,NOT DETECTED,,,,,,,,,,,,,,
frame_000618.jpg,2,NOT DETECTED,,,,,,,,,,,,,,
frame_000618.jpg,3,NOT DETECTED,,,,,,,,,,,,,,
frame_000618.jpg,4,NOT DETECTED,,,,,,,,,,,,,,
frame_000618.jpg,5,NOT DETECTED,,,,,,,,,,,,,,
frame_000620.jpg,1,NOT DETECTED,,,,,,,,,,,,,,
frame_000620.jpg,2,NOT DETECTED,,,,,,,,,,,,,,
frame_000620.jpg,3,NOT DETECTED,,,,,,,,,,,,,,
frame_000620.jpg,4,NOT DETECTED,,,,,,,,,,,,,,
frame_000620.jpg,5,NOT DETECTED,,,,,,,,,,,,,,
frame_000622.jpg,1,NOT DETECTED,,,,,,,,,,,,,,
frame_000622.jpg,2,NOT DETECTED,,,,,,,,,,,,,,
frame_000622.jpg,3,NOT DETECTED,,,,,,,,,,,,,,
frame_000622.jpg,4,NOT DETECTED,,,,,,,,,,,,,,
frame_000622.jpg,5,NOT DETECTED,,,,,,,,,,,,,,
frame_000624.jpg,1,NOT DETECTED,,,,,,,,,,,,,,
frame_000624.jpg,2,NOT DETECTED,,,,,,,,,,,,,,
frame_000624.jpg,3,NOT DETECTED,,,,,,,,,,,,,,
frame_000624.jpg,4,NOT DETECTED,,,,,,,,,,,,,,
frame_000624.jpg,5,NOT DETECTED,,,,,,,,,,,,,,
frame_000626.jpg,1,NOT DETECTED,,,,,,,,,,,,,,
frame_000626.jpg,2,NOT DETECTED,,,,,,,,,,,,,,
frame_000626.jpg,3,NOT DETECTED,,,,,,,,,,,,,,
frame_000626.jpg,4,NOT DETECTED,,,,,,,,,,,,,,
frame_000626.jpg,5,NOT DETECTED,,,,,,,,,,,,,,
frame_000628.jpg,1,NOT DETECTED,,,,,,,,,,,,,,
frame_000628.jpg,2,NOT DETECTED,,,,,,,,,,,,,,
frame_000628.jpg,3,NOT DETECTED,,,,,,,,,,,,,,
frame_000628.jpg,4,NOT DETECTED,,,,,,,,,,,,,,
frame_000628.jpg,5,NOT DETECTED,,,,,,,,,,,,,,
frame_000630.jpg,1,NOT DETECTED,,,,,,,,,,,,,,
frame_000630.jpg,2,NOT DETECTED,,,,,,,,,,,,,,
frame_000630.jpg,3,NOT DETECTED,,,,,,,,,,,,,,
frame_000630.jpg,4,NOT DETECTED,,,,,,,,,,,,,,
frame_000630.jpg,5,NOT DETECTED,,,,,,,,,,,,,,
frame_000632.jpg,1,NOT DETECTED,,,,,,,,,,,,,,
frame_000632.jpg,2,NOT DETECTED,,,,,,,,,,,,,,
frame_000632.jpg,3,NOT DETECTED,,,,,,,,,,,,,,
frame_000632.jpg,4,NOT DETECTED,,,,,,,,,,,,,,
frame_000632.jpg,5,NOT DETECTED,,,,,,,,,,,,,,
frame_000634.jpg,1,NOT DETECTED,,,,,,,,,,,,,,
frame_000634.jpg,2,NOT DETECTED,,,,,,,,,,,,,,
frame_000634.jpg,3,NOT DETECTED,,,,,,,,,,,,,,
frame_000634.jpg,4,NOT DETECTED,,,,,,,,,,,,,,
frame_000634.jpg,5,NOT DETECTED,,,,,,,,,,,,,,
frame_000636.jpg,1,NOT DETECTED,,,,,,,,,,,,,,
frame_000636.jpg,2,NOT DETECTED,,,,,,,,,,,,,,
frame_000636.jpg,3,NOT DETECTED,,,,,,,,,,,,,,
frame_000636.jpg,4,NOT DETECTED,,,,,,,,,,,,,,
frame_000636.jpg,5,NOT DETECTED,,,,,,,,,,,,,,
frame_000638.jpg,1,NOT DETECTED,,,,,,,,,,,,,,
frame_000638.jpg,2,NOT DETECTED,,,,,,,,,,,,,,
frame_000638.jpg,3,NOT DETECTED,,,,,,,,,,,,,,
frame_000638.jpg,4,NOT DETECTED,,,,,,,,,,,,,,
frame_000638.jpg,5,NOT DETECTED,,,,,,,,,,,,,,
frame_000640.jpg,1,NOT DETECTED,,,,,,,,,,,,,,
frame_000640.jpg,2,NOT DETECTED,,,,,,,,,,,,,,
frame_000640.jpg,3,NOT DETECTED,,,,,,,,,,,,,,
frame_000640.jpg,4,NOT DETECTED,,,,,,,,,,,,,,
frame_000640.jpg,5,NOT DETECTED,,,,,,,,,,,,,,
frame_000642.jpg,1,NOT DETECTED,,,,,,,,,,,,,,
frame_000642.jpg,2,NOT DETECTED,,,,,,,,,,,,,,
frame_000642.jpg,3,NOT DETECTED,,,,,,,,,,,,,,
frame_000642.jpg,4,NOT DETECTED,,,,,,,,,,,,,,
frame_000642.jpg,5,NOT DETECTED,,,,,,,,,,,,,,
frame_000644.jpg,1,NOT DETECTED,,,,,,,,,,,,,,
frame_000644.jpg,2,NOT DETECTED,,,,,,,,,,,,,,
frame_000644.jpg,3,NOT DETECTED,,,,,,,,,,,,,,
frame_000644.jpg,4,NOT DETECTED,,,,,,,,,,,,,,
frame_000644.jpg,5,NOT DETECTED,,,,,,,,,,,,,,
frame_000646.jpg,1,NOT DETECTED,,,,,,,,,,,,,,
frame_000646.jpg,2,NOT DETECTED,,,,,,,,,,,,,,
frame_000646.jpg,3,NOT DETECTED,,,,,,,,,,,,,,
frame_000646.jpg,4,NOT DETECTED,,,,,,,,,,,,,,
frame_000646.jpg,5,NOT DETECTED,,,,,,,,,,,,,,
frame_000648.jpg,1,NOT DETECTED,,,,,,,,,,,,,,
frame_000648.jpg,2,NOT DETECTED,,,,,,,,,,,,,,
frame_000648.jpg,3,NOT DETECTED,,,,,,,,,,,,,,
frame_000648.jpg,4,NOT DETECTED,,,,,,,,,,,,,,
frame_000648.jpg,5,NOT DETECTED,,,,,,,,,,,,,,
frame_000650.jpg,1,NOT DETECTED,,,,,,,,,,,,,,
frame_000650.jpg,2,NOT DETECTED,,,,,,,,,,,,,,
frame_000650.jpg,3,NOT DETECTED,,,,,,,,,,,,,,
frame_000650.jpg,4,NOT DETECTED,,,,,,,,,,,,,,
frame_000650.jpg,5,NOT DETECTED,,,,,,,,,,,,,,
frame_000652.jpg,1,NOT DETECTED,,,,,,,,,,,,,,
frame_000652.jpg,2,NOT DETECTED,,,,,,,,,,,,,,
frame_000652.jpg,3,NOT DETECTED,,,,,,,,,,,,,,
frame_000652.jpg,4,NOT DETECTED,,,,,,,,,,,,,,
frame_000652.jpg,5,NOT DETECTED,,,,,,,,,,,,,,
frame_000654.jpg,1,NOT DETECTED,,,,,,,,,,,,,,
frame_000654.jpg,2,NOT DETECTED,,,,,,,,,,,,,,
frame_000654.jpg,3,NOT DETECTED,,,,,,,,,,,,,,
frame_000654.jpg,4,NOT DETECTED,,,,,,,,,,,,,,
frame_000654.jpg,5,NOT DETECTED,,,,,,,,,,,,,,
frame_000656.jpg,1,NOT DETECTED,,,,,,,,,,,,,,
frame_000656.jpg,2,NOT DETECTED,,,,,,,,,,,,,,
frame_000656.jpg,3,NOT DETECTED,,,,,,,,,,,,,,
frame_000656.jpg,4,NOT DETECTED,,,,,,,,,,,,,,
frame_000656.jpg,5,NOT DETECTED,,,,,,,,,,,,,,
frame_000658.jpg,1,NOT DETECTED,,,,,,,,,,,,,,
frame_000658.jpg,2,NOT DETECTED,,,,,,,,,,,,,,
frame_000658.jpg,3,NOT DETECTED,,,,,,,,,,,,,,
frame_000658.jpg,4,NOT DETECTED,,,,,,,,,,,,,,
frame_000658.jpg,5,NOT DETECTED,,,,,,,,,,,,,,
frame_000660.jpg,1,NOT DETECTED,,,,,,,,,,,,,,
frame_000660.jpg,2,NOT DETECTED,,,,,,,,,,,,,,
frame_000660.jpg,3,NOT DETECTED,,,,,,,,,,,,,,
frame_000660.jpg,4,NOT DETECTED,,,,,,,,,,,,,,
frame_000660.jpg,5,NOT DETECTED,,,,,,,,,,,,,,
frame_000662.jpg,1,NOT DETECTED,,,,,,,,,,,,,,
frame_000662.jpg,2,NOT DETECTED,,,,,,,,,,,,,,
frame_000662.jpg,3,NOT DETECTED,,,,,,,,,,,,,,
frame_000662.jpg,4,NOT DETECTED,,,,,,,,,,,,,,
frame_000662.jpg,5,NOT DETECTED,,,,,,,,,,,,,,
frame_000664.jpg,1,NOT DETECTED,,,,,,,,,,,,,,
frame_000664.jpg,2,NOT DETECTED,,,,,,,,,,,,,,
frame_000664.jpg,3,NOT DETECTED,,,,,,,,,,,,,,
frame_000664.jpg,4,NOT DETECTED,,,,,,,,,,,,,,
frame_000664.jpg,5,NOT DETECTED,,,,,,,,,,,,,,
frame_000666.jpg,1,NOT DETECTED,,,,,,,,,,,,,,
frame_000666.jpg,2,NOT DETECTED,,,,,,,,,,,,,,
frame_000666.jpg,3,NOT DETECTED,,,,,,,,,,,,,,
frame_000666.jpg,4,NOT DETECTED,,,,,,,,,,,,,,
frame_000666.jpg,5,NOT DETECTED,,,,,,,,,,,,,,
frame_000668.jpg,1,NOT DETECTED,,,,,,,,,,,,,,
frame_000668.jpg,2,NOT DETECTED,,,,,,,,,,,,,,
frame_000668.jpg,3,NOT DETECTED,,,,,,,,,,,,,,
frame_000668.jpg,4,NOT DETECTED,,,,,,,,,,,,,,
frame_000668.jpg,5,NOT DETECTED,,,,,,,,,,,,,,
frame_000670.jpg,1,NOT DETECTED,,,,,,,,,,,,,,
frame_000670.jpg,2,NOT DETECTED,,,,,,,,,,,,,,
frame_000670.jpg,3,NOT DETECTED,,,,,,,,,,,,,,
frame_000670.jpg,4,NOT DETECTED,,,,,,,,,,,,,,
frame_000670.jpg,5,NOT DETECTED,,,,,,,,,,,,,,
frame_000672.jpg,1,NOT DETECTED,,,,,,,,,,,,,,
frame_000672.jpg,2,NOT DETECTED,,,,,,,,,,,,,,
frame_000672.jpg,3,NOT DETECTED,,,,,,,,,,,,,,
frame_000672.jpg,4,NOT DETECTED,,,,,,,,,,,,,,
frame_000672.jpg,5,NOT DETECTED,,,,,,,,,,,,,,
frame_000674.jpg,1,NOT DETECTED,,,,,,,,,,,,,,
frame_000674.jpg,2,NOT DETECTED,,,,,,,,,,,,,,
frame_000674.jpg,3,NOT DETECTED,,,,,,,,,,,,,,
frame_000674.jpg,4,NOT DETECTED,,,,,,,,,,,,,,
frame_000674.jpg,5,NOT DETECTED,,,,,,,,,,,,,,
frame_000676.jpg,1,NOT DETECTED,,,,,,,,,,,,,,
frame_000676.jpg,2,NOT DETECTED,,,,,,,,,,,,,,
frame_000676.jpg,3,NOT DETECTED,,,,,,,,,,,,,,
frame_000676.jpg,4,NOT DETECTED,,,,,,,,,,,,,,
frame_000676.jpg,5,NOT DETECTED,,,,,,,,,,,,,,
frame_000678.jpg,1,NOT DETECTED,,,,,,,,,,,,,,
frame_000678.jpg,2,NOT DETECTED,,,,,,,,,,,,,,
frame_000678.jpg,3,NOT DETECTED,,,,,,,,,,,,,,
frame_000678.jpg,4,NOT DETECTED,,,,,,,,,,,,,,
frame_000678.jpg,5,NOT DETECTED,,,,,,,,,,,,,,
frame_000680.jpg,1,NOT DETECTED,,,,,,,,,,,,,,
frame_000680.jpg,2,NOT DETECTED,,,,,,,,,,,,,,
frame_000680.jpg,3,NOT DETECTED,,,,,,,,,,,,,,
frame_000680.jpg,4,NOT DETECTED,,,,,,,,,,,,,,
frame_000680.jpg,5,NOT DETECTED,,,,,,,,,,,,,,
frame_000682.jpg,1,NOT DETECTED,,,,,,,,,,,,,,
frame_000682.jpg,2,NOT DETECTED,,,,,,,,,,,,,,
frame_000682.jpg,3,NOT DETECTED,,,,,,,,,,,,,,
frame_000682.jpg,4,NOT DETECTED,,,,,,,,,,,,,,
frame_000682.jpg,5,NOT DETECTED,,,,,,,,,,,,,,
frame_000684.jpg,1,NOT DETECTED,,,,,,,,,,,,,,
frame_000684.jpg,2,NOT DETECTED,,,,,,,,,,,,,,
frame_000684.jpg,3,NOT DETECTED,,,,,,,,,,,,,,
frame_000684.jpg,4,NOT DETECTED,,,,,,,,,,,,,,
frame_000684.jpg,5,NOT DETECTED,,,,,,,,,,,,,,
frame_000686.jpg,1,NOT DETECTED,,,,,,,,,,,,,,
frame_000686.jpg,2,NOT DETECTED,,,,,,,,,,,,,,
frame_000686.jpg,3,NOT DETECTED,,,,,,,,,,,,,,
frame_000686.jpg,4,NOT DETECTED,,,,,,,,,,,,,,
frame_000686.jpg,5,NOT DETECTED,,,,,,,,,,,,,,
frame_000688.jpg,1,DETECTED,0,77.4,-0.0654,-0.1209,0.4765,-9.05,-10.56,-174.67,-0.0389,0.0953,-0.0742,0.9919,-69.0,-124.1
frame_000688.jpg,2,DETECTED,0,77.4,-0.0654,-0.1209,0.4765,-9.05,-10.56,-174.67,-0.0389,0.0953,-0.0742,0.9919,-69.0,-124.1
frame_000688.jpg,3,DETECTED,0,77.4,-0.0654,-0.1209,0.4765,-9.05,-10.56,-174.67,-0.0389,0.0953,-0.0742,0.9919,-69.0,-124.1
frame_000688.jpg,4,DETECTED,0,77.4,-0.0654,-0.1209,0.4765,-9.05,-10.56,-174.67,-0.0389,0.0953,-0.0742,0.9919,-69.0,-124.1
frame_000688.jpg,5,DETECTED,0,77.4,-0.0654,-0.1209,0.4765,-9.05,-10.56,-174.67,-0.0389,0.0953,-0.0742,0.9919,-69.0,-124.1
frame_000690.jpg,1,DETECTED,0,81.3,-0.0656,-0.1113,0.4668,-12.36,-8.13,-173.52,-0.0484,0.0765,-0.1032,0.9905,-67.8,-117.5
frame_000690.jpg,2,DETECTED,0,81.3,-0.0656,-0.1113,0.4668,-12.36,-8.13,-173.52,-0.0484,0.0765,-0.1032,0.9905,-67.8,-117.5
frame_000690.jpg,3,DETECTED,0,81.3,-0.0656,-0.1113,0.4668,-12.36,-8.13,-173.52,-0.0484,0.0765,-0.1032,0.9905,-67.8,-117.5
frame_000690.jpg,4,DETECTED,0,81.3,-0.0656,-0.1113,0.4668,-12.36,-8.13,-173.52,-0.0484,0.0765,-0.1032,0.9905,-67.8,-117.5
frame_000690.jpg,5,DETECTED,0,81.3,-0.0656,-0.1113,0.4668,-12.36,-8.13,-173.52,-0.0484,0.0765,-0.1032,0.9905,-67.8,-117.5
frame_000692.jpg,1,NOT DETECTED,,,,,,,,,,,,,,
frame_000692.jpg,2,NOT DETECTED,,,,,,,,,,,,,,
frame_000692.jpg,3,NOT DETECTED,,,,,,,,,,,,,,
frame_000692.jpg,4,NOT DETECTED,,,,,,,,,,,,,,
frame_000692.jpg,5,NOT DETECTED,,,,,,,,,,,,,,
frame_000694.jpg,1,NOT DETECTED,,,,,,,,,,,,,,
frame_000694.jpg,2,NOT DETECTED,,,,,,,,,,,,,,
frame_000694.jpg,3,NOT DETECTED,,,,,,,,,,,,,,
frame_000694.jpg,4,NOT DETECTED,,,,,,,,,,,,,,
frame_000694.jpg,5,NOT DETECTED,,,,,,,,,,,,,,
frame_000696.jpg,1,NOT DETECTED,,,,,,,,,,,,,,
frame_000696.jpg,2,NOT DETECTED,,,,,,,,,,,,,,
frame_000696.jpg,3,NOT DETECTED,,,,,,,,,,,,,,
frame_000696.jpg,4,NOT DETECTED,,,,,,,,,,,,,,
frame_000696.jpg,5,NOT DETECTED,,,,,,,,,,,,,,
frame_000698.jpg,1,NOT DETECTED,,,,,,,,,,,,,,
frame_000698.jpg,2,NOT DETECTED,,,,,,,,,,,,,,
frame_000698.jpg,3,NOT DETECTED,,,,,,,,,,,,,,
frame_000698.jpg,4,NOT DETECTED,,,,,,,,,,,,,,
frame_000698.jpg,5,NOT DETECTED,,,,,,,,,,,,,,
frame_000700.jpg,1,NOT DETECTED,,,,,,,,,,,,,,
frame_000700.jpg,2,NOT DETECTED,,,,,,,,,,,,,,
frame_000700.jpg,3,NOT DETECTED,,,,,,,,,,,,,,
frame_000700.jpg,4,NOT DETECTED,,,,,,,,,,,,,,
frame_000700.jpg,5,NOT DETECTED,,,,,,,,,,,,,,
frame_000702.jpg,1,NOT DETECTED,,,,,,,,,,,,,,
frame_000702.jpg,2,NOT DETECTED,,,,,,,,,,,,,,
frame_000702.jpg,3,NOT DETECTED,,,,,,,,,,,,,,
frame_000702.jpg,4,NOT DETECTED,,,,,,,,,,,,,,
frame_000702.jpg,5,NOT DETECTED,,,,,,,,,,,,,,
frame_000704.jpg,1,NOT DETECTED,,,,,,,,,,,,,,
frame_000704.jpg,2,NOT DETECTED,,,,,,,,,,,,,,
frame_000704.jpg,3,NOT DETECTED,,,,,,,,,,,,,,
frame_000704.jpg,4,NOT DETECTED,,,,,,,,,,,,,,
frame_000704.jpg,5,NOT DETECTED,,,,,,,,,,,,,,
frame_000706.jpg,1,NOT DETECTED,,,,,,,,,,,,,,
frame_000706.jpg,2,NOT DETECTED,,,,,,,,,,,,,,
frame_000706.jpg,3,NOT DETECTED,,,,,,,,,,,,,,
frame_000706.jpg,4,NOT DETECTED,,,,,,,,,,,,,,
frame_000706.jpg,5,NOT DETECTED,,,,,,,,,,,,,,
frame_000708.jpg,1,NOT DETECTED,,,,,,,,,,,,,,
frame_000708.jpg,2,NOT DETECTED,,,,,,,,,,,,,,
frame_000708.jpg,3,NOT DETECTED,,,,,,,,,,,,,,
frame_000708.jpg,4,NOT DETECTED,,,,,,,,,,,,,,
frame_000708.jpg,5,NOT DETECTED,,,,,,,,,,,,,,
frame_000710.jpg,1,NOT DETECTED,,,,,,,,,,,,,,
frame_000710.jpg,2,NOT DETECTED,,,,,,,,,,,,,,
frame_000710.jpg,3,NOT DETECTED,,,,,,,,,,,,,,
frame_000710.jpg,4,NOT DETECTED,,,,,,,,,,,,,,
frame_000710.jpg,5,NOT DETECTED,,,,,,,,,,,,,,
frame_000712.jpg,1,NOT DETECTED,,,,,,,,,,,,,,
frame_000712.jpg,2,NOT DETECTED,,,,,,,,,,,,,,
frame_000712.jpg,3,NOT DETECTED,,,,,,,,,,,,,,
frame_000712.jpg,4,NOT DETECTED,,,,,,,,,,,,,,
frame_000712.jpg,5,NOT DETECTED,,,,,,,,,,,,,,
frame_000714.jpg,1,NOT DETECTED,,,,,,,,,,,,,,
frame_000714.jpg,2,NOT DETECTED,,,,,,,,,,,,,,
frame_000714.jpg,3,NOT DETECTED,,,,,,,,,,,,,,
frame_000714.jpg,4,NOT DETECTED,,,,,,,,,,,,,,
frame_000714.jpg,5,NOT DETECTED,,,,,,,,,,,,,,
frame_000716.jpg,1,NOT DETECTED,,,,,,,,,,,,,,
frame_000716.jpg,2,NOT DETECTED,,,,,,,,,,,,,,
frame_000716.jpg,3,NOT DETECTED,,,,,,,,,,,,,,
frame_000716.jpg,4,NOT DETECTED,,,,,,,,,,,,,,
frame_000716.jpg,5,NOT DETECTED,,,,,,,,,,,,,,
frame_000718.jpg,1,NOT DETECTED,,,,,,,,,,,,,,
frame_000718.jpg,2,NOT DETECTED,,,,,,,,,,,,,,
frame_000718.jpg,3,NOT DETECTED,,,,,,,,,,,,,,
frame_000718.jpg,4,NOT DETECTED,,,,,,,,,,,,,,
frame_000718.jpg,5,NOT DETECTED,,,,,,,,,,,,,,
frame_000720.jpg,1,NOT DETECTED,,,,,,,,,,,,,,
frame_000720.jpg,2,NOT DETECTED,,,,,,,,,,,,,,
frame_000720.jpg,3,NOT DETECTED,,,,,,,,,,,,,,
frame_000720.jpg,4,NOT DETECTED,,,,,,,,,,,,,,
frame_000720.jpg,5,NOT DETECTED,,,,,,,,,,,,,,
frame_000722.jpg,1,NOT DETECTED,,,,,,,,,,,,,,
frame_000722.jpg,2,NOT DETECTED,,,,,,,,,,,,,,
frame_000722.jpg,3,NOT DETECTED,,,,,,,,,,,,,,
frame_000722.jpg,4,NOT DETECTED,,,,,,,,,,,,,,
frame_000722.jpg,5,NOT DETECTED,,,,,,,,,,,,,,
frame_000724.jpg,1,NOT DETECTED,,,,,,,,,,,,,,
frame_000724.jpg,2,NOT DETECTED,,,,,,,,,,,,,,
frame_000724.jpg,3,NOT DETECTED,,,,,,,,,,,,,,
frame_000724.jpg,4,NOT DETECTED,,,,,,,,,,,,,,
frame_000724.jpg,5,NOT DETECTED,,,,,,,,,,,,,,
frame_000726.jpg,1,NOT DETECTED,,,,,,,,,,,,,,
frame_000726.jpg,2,NOT DETECTED,,,,,,,,,,,,,,
frame_000726.jpg,3,NOT DETECTED,,,,,,,,,,,,,,
frame_000726.jpg,4,NOT DETECTED,,,,,,,,,,,,,,
frame_000726.jpg,5,NOT DETECTED,,,,,,,,,,,,,,
frame_000728.jpg,1,NOT DETECTED,,,,,,,,,,,,,,
frame_000728.jpg,2,NOT DETECTED,,,,,,,,,,,,,,
frame_000728.jpg,3,NOT DETECTED,,,,,,,,,,,,,,
frame_000728.jpg,4,NOT DETECTED,,,,,,,,,,,,,,
frame_000728.jpg,5,NOT DETECTED,,,,,,,,,,,,,,
