t_s,frame,tag_detected,pan_deg,tilt_deg,eu_px,ev_px,eu_s_px,ev_s_px,err_px,dpan,dtilt,in_deadband
0.000,1,0,0.0,0.0,,,,,,,,
0.043,2,0,0.0,0.0,,,,,,,,
0.079,3,0,0.0,0.0,,,,,,,,
0.120,4,0,0.0,0.0,,,,,,,,
0.156,5,0,0.0,0.0,,,,,,,,
0.197,6,0,0.0,0.0,,,,,,,,
0.230,7,0,0.0,0.0,,,,,,,,
0.275,8,0,0.0,0.0,,,,,,,,
0.324,9,0,0.0,0.0,,,,,,,,
0.400,10,0,0.0,0.0,,,,,,,,
0.435,11,0,0.0,0.0,,,,,,,,
0.474,12,0,0.0,0.0,,,,,,,,
0.514,13,0,0.0,0.0,,,,,,,,
0.556,14,0,0.0,0.0,,,,,,,,
0.590,15,0,0.0,0.0,,,,,,,,
0.628,16,0,0.0,0.0,,,,,,,,
0.662,17,0,0.0,0.0,,,,,,,,
0.703,18,0,0.0,0.0,,,,,,,,
0.740,19,0,0.0,0.0,,,,,,,,
0.782,20,0,0.0,0.0,,,,,,,,
0.819,21,0,0.0,0.0,,,,,,,,
0.860,22,0,0.0,0.0,,,,,,,,
0.895,23,0,0.0,0.0,,,,,,,,
0.965,24,0,0.0,0.0,,,,,,,,
1.009,25,0,0.0,0.0,,,,,,,,
1.049,26,0,0.0,0.0,,,,,,,,
1.086,27,0,0.0,0.0,,,,,,,,
1.127,28,0,0.0,0.0,,,,,,,,
1.164,29,0,0.0,0.0,,,,,,,,
1.206,30,0,0.0,0.0,,,,,,,,
1.243,31,0,0.0,0.0,,,,,,,,
1.286,32,0,0.0,0.0,,,,,,,,
1.324,33,0,0.0,0.0,,,,,,,,
1.365,34,0,0.0,0.0,,,,,,,,
1.404,35,0,0.0,0.0,,,,,,,,
1.447,36,0,0.0,0.0,,,,,,,,
1.482,37,0,0.0,0.0,,,,,,,,
1.522,38,0,0.0,0.0,,,,,,,,
1.557,39,0,0.0,0.0,,,,,,,,
1.597,40,0,0.0,0.0,,,,,,,,
1.629,41,0,0.0,0.0,,,,,,,,
1.668,42,0,0.0,0.0,,,,,,,,
1.701,43,0,0.0,0.0,,,,,,,,
1.743,44,0,0.0,0.0,,,,,,,,
1.778,45,0,0.0,0.0,,,,,,,,
1.824,46,0,0.0,0.0,,,,,,,,
1.861,47,0,0.0,0.0,,,,,,,,
1.901,48,0,0.0,0.0,,,,,,,,
1.935,49,0,0.0,0.0,,,,,,,,
1.975,50,0,0.0,0.0,,,,,,,,
2.009,51,0,0.0,0.0,,,,,,,,
2.050,52,0,0.0,0.0,,,,,,,,
2.083,53,0,0.0,0.0,,,,,,,,
2.123,54,0,0.0,0.0,,,,,,,,
2.158,55,0,0.0,0.0,,,,,,,,
2.198,56,0,0.0,0.0,,,,,,,,
2.233,57,0,0.0,0.0,,,,,,,,
2.274,58,0,0.0,0.0,,,,,,,,
2.308,59,0,0.0,0.0,,,,,,,,
2.346,60,0,0.0,0.0,,,,,,,,
2.380,61,0,0.0,0.0,,,,,,,,
2.419,62,0,0.0,0.0,,,,,,,,
2.459,63,0,0.0,0.0,,,,,,,,
2.498,64,0,0.0,0.0,,,,,,,,
2.534,65,0,0.0,0.0,,,,,,,,
2.572,66,0,0.0,0.0,,,,,,,,
2.604,67,0,0.0,0.0,,,,,,,,
2.643,68,0,0.0,0.0,,,,,,,,
2.676,69,0,0.0,0.0,,,,,,,,
2.714,70,0,0.0,0.0,,,,,,,,
2.748,71,0,0.0,0.0,,,,,,,,
2.790,72,0,0.0,0.0,,,,,,,,
2.823,73,0,0.0,0.0,,,,,,,,
2.862,74,0,0.0,0.0,,,,,,,,
2.895,75,0,0.0,0.0,,,,,,,,
2.935,76,0,0.0,0.0,,,,,,,,
2.970,77,0,0.0,0.0,,,,,,,,
3.010,78,0,0.0,0.0,,,,,,,,
3.047,79,1,12.37,-3.07,-247.3,-61.4,-247.3,-61.4,254.8,12.365,-3.072,0
3.086,80,0,12.37,-3.07,,,,,,,,
3.130,81,0,12.37,-3.07,,,,,,,,
3.169,82,0,12.37,-3.07,,,,,,,,
3.202,83,0,12.37,-3.07,,,,,,,,
3.243,84,0,12.37,-3.07,,,,,,,,
3.277,85,0,12.37,-3.07,,,,,,,,
3.318,86,0,12.37,-3.07,,,,,,,,
3.353,87,0,12.37,-3.07,,,,,,,,
3.396,88,0,12.37,-3.07,,,,,,,,
3.432,89,0,12.37,-3.07,,,,,,,,
3.475,90,0,12.37,-3.07,,,,,,,,
3.513,91,0,12.37,-3.07,,,,,,,,
3.564,92,0,12.37,-3.07,,,,,,,,
3.603,93,0,12.37,-3.07,,,,,,,,
3.646,94,0,12.37,-3.07,,,,,,,,
3.683,95,0,12.37,-3.07,,,,,,,,
3.726,96,0,12.37,-3.07,,,,,,,,
3.772,97,0,12.37,-3.07,,,,,,,,
3.814,98,0,12.37,-3.07,,,,,,,,
3.853,99,0,12.37,-3.07,,,,,,,,
3.896,100,0,12.37,-3.07,,,,,,,,
3.935,101,0,12.37,-3.07,,,,,,,,
3.986,102,0,12.37,-3.07,,,,,,,,
4.027,103,0,12.37,-3.07,,,,,,,,
4.071,104,0,12.37,-3.07,,,,,,,,
4.107,105,0,12.37,-3.07,,,,,,,,
4.147,106,0,12.37,-3.07,,,,,,,,
4.191,107,0,12.37,-3.07,,,,,,,,
4.235,108,0,12.37,-3.07,,,,,,,,
4.274,109,0,12.37,-3.07,,,,,,,,
4.317,110,0,12.37,-3.07,,,,,,,,
4.356,111,0,12.37,-3.07,,,,,,,,
4.397,112,0,12.37,-3.07,,,,,,,,
4.435,113,0,12.37,-3.07,,,,,,,,
4.477,114,0,12.37,-3.07,,,,,,,,
4.512,115,0,12.37,-3.07,,,,,,,,
4.552,116,0,12.37,-3.07,,,,,,,,
4.587,117,0,12.37,-3.07,,,,,,,,
4.626,118,0,12.37,-3.07,,,,,,,,
4.661,119,0,12.37,-3.07,,,,,,,,
4.701,120,0,12.37,-3.07,,,,,,,,
4.735,121,0,12.37,-3.07,,,,,,,,
4.776,122,0,12.37,-3.07,,,,,,,,
4.813,123,1,23.03,-3.23,-213.3,-3.2,-213.3,-3.2,213.3,10.665,-0.16,0
4.854,124,1,33.6,-3.15,-211.3,1.7,-211.3,1.7,211.3,10.567,0.083,0
4.889,125,1,43.99,-2.99,-207.8,3.2,-207.8,3.2,207.9,10.392,0.162,0
4.932,126,0,43.99,-2.99,,,,,,,,
4.969,127,0,43.99,-2.99,,,,,,,,
5.010,128,0,43.99,-2.99,,,,,,,,
5.046,129,0,43.99,-2.99,,,,,,,,
5.089,130,0,43.99,-2.99,,,,,,,,
5.125,131,0,43.99,-2.99,,,,,,,,
5.167,132,0,43.99,-2.99,,,,,,,,
5.205,133,0,43.99,-2.99,,,,,,,,
5.252,134,0,43.99,-2.99,,,,,,,,
5.288,135,0,43.99,-2.99,,,,,,,,
5.332,136,0,43.99,-2.99,,,,,,,,
5.370,137,0,43.99,-2.99,,,,,,,,
5.413,138,0,43.99,-2.99,,,,,,,,
5.451,139,0,43.99,-2.99,,,,,,,,
5.492,140,0,43.99,-2.99,,,,,,,,
5.530,141,0,43.99,-2.99,,,,,,,,
5.573,142,0,43.99,-2.99,,,,,,,,
5.609,143,0,43.99,-2.99,,,,,,,,
5.652,144,0,43.99,-2.99,,,,,,,,
5.688,145,0,43.99,-2.99,,,,,,,,
5.731,146,0,43.99,-2.99,,,,,,,,
5.767,147,0,43.99,-2.99,,,,,,,,
5.810,148,0,43.99,-2.99,,,,,,,,
5.847,149,0,43.99,-2.99,,,,,,,,
5.890,150,0,43.99,-2.99,,,,,,,,
5.926,151,0,43.99,-2.99,,,,,,,,
5.966,152,0,43.99,-2.99,,,,,,,,
6.004,153,0,43.99,-2.99,,,,,,,,
6.045,154,0,43.99,-2.99,,,,,,,,
6.082,155,0,43.99,-2.99,,,,,,,,
6.122,156,0,43.99,-2.99,,,,,,,,
6.156,157,0,43.99,-2.99,,,,,,,,
6.195,158,0,43.99,-2.99,,,,,,,,
6.233,159,1,54.08,-7.76,-201.7,-95.5,-201.7,-95.5,223.2,10.085,-4.776,0
6.276,160,1,63.52,-12.33,-188.8,-91.4,-188.8,-91.4,209.8,9.441,-4.568,0
6.311,161,1,71.6,-16.76,-161.7,-88.6,-161.7,-88.6,184.4,8.083,-4.432,0
6.354,162,0,71.6,-16.76,,,,,,,,
6.392,163,0,71.6,-16.76,,,,,,,,
6.434,164,0,71.6,-16.76,,,,,,,,
6.475,165,0,71.6,-16.76,,,,,,,,
6.516,166,0,71.6,-16.76,,,,,,,,
6.554,167,0,71.6,-16.76,,,,,,,,
6.598,168,0,71.6,-16.76,,,,,,,,
6.638,169,0,71.6,-16.76,,,,,,,,
6.685,170,0,71.6,-16.76,,,,,,,,
6.725,171,0,71.6,-16.76,,,,,,,,
6.769,172,0,71.6,-16.76,,,,,,,,
6.808,173,0,71.6,-16.76,,,,,,,,
6.852,174,0,71.6,-16.76,,,,,,,,
6.896,175,0,71.6,-16.76,,,,,,,,
6.941,176,0,71.6,-16.76,,,,,,,,
6.979,177,0,71.6,-16.76,,,,,,,,
7.022,178,0,71.6,-16.76,,,,,,,,
7.062,179,0,71.6,-16.76,,,,,,,,
7.111,180,0,71.6,-16.76,,,,,,,,
7.149,181,0,71.6,-16.76,,,,,,,,
7.191,182,0,71.6,-16.76,,,,,,,,
7.230,183,0,71.6,-16.76,,,,,,,,
7.274,184,0,71.6,-16.76,,,,,,,,
7.316,185,0,71.6,-16.76,,,,,,,,
7.361,186,0,71.6,-16.76,,,,,,,,
7.400,187,0,71.6,-16.76,,,,,,,,
7.443,188,0,71.6,-16.76,,,,,,,,
7.482,189,0,71.6,-16.76,,,,,,,,
7.528,190,0,71.6,-16.76,,,,,,,,
7.568,191,0,71.6,-16.76,,,,,,,,
7.612,192,0,71.6,-16.76,,,,,,,,
7.652,193,0,71.6,-16.76,,,,,,,,
7.696,194,0,71.6,-16.76,,,,,,,,
7.739,195,0,71.6,-16.76,,,,,,,,
7.782,196,0,71.6,-16.76,,,,,,,,
7.821,197,0,71.6,-16.76,,,,,,,,
7.865,198,0,71.6,-16.76,,,,,,,,
7.905,199,0,71.6,-16.76,,,,,,,,
7.952,200,0,71.6,-16.76,,,,,,,,
7.991,201,0,71.6,-16.76,,,,,,,,
8.034,202,0,71.6,-16.76,,,,,,,,
8.072,203,0,71.6,-16.76,,,,,,,,
8.115,204,0,71.6,-16.76,,,,,,,,
8.154,205,0,71.6,-16.76,,,,,,,,
8.220,206,0,71.6,-16.76,,,,,,,,
8.269,207,0,71.6,-16.76,,,,,,,,
8.312,208,0,71.6,-16.76,,,,,,,,
8.352,209,0,71.6,-16.76,,,,,,,,
8.394,210,0,71.6,-16.76,,,,,,,,
8.434,211,0,71.6,-16.76,,,,,,,,
8.486,212,0,71.6,-16.76,,,,,,,,
8.524,213,0,71.6,-16.76,,,,,,,,
8.566,214,0,71.6,-16.76,,,,,,,,
8.606,215,0,71.6,-16.76,,,,,,,,
8.656,216,0,71.6,-16.76,,,,,,,,
8.693,217,0,71.6,-16.76,,,,,,,,
8.737,218,0,71.6,-16.76,,,,,,,,
8.775,219,0,71.6,-16.76,,,,,,,,
8.817,220,0,71.6,-16.76,,,,,,,,
8.855,221,0,71.6,-16.76,,,,,,,,
8.901,222,0,71.6,-16.76,,,,,,,,
8.940,223,0,71.6,-16.76,,,,,,,,
8.985,224,0,71.6,-16.76,,,,,,,,
9.022,225,0,71.6,-16.76,,,,,,,,
9.067,226,0,71.6,-16.76,,,,,,,,
9.112,227,0,71.6,-16.76,,,,,,,,
9.156,228,0,71.6,-16.76,,,,,,,,
9.195,229,0,71.6,-16.76,,,,,,,,
9.237,230,0,71.6,-16.76,,,,,,,,
9.276,231,0,71.6,-16.76,,,,,,,,
9.320,232,0,71.6,-16.76,,,,,,,,
9.359,233,0,71.6,-16.76,,,,,,,,
9.404,234,0,71.6,-16.76,,,,,,,,
9.441,235,0,71.6,-16.76,,,,,,,,
9.485,236,0,71.6,-16.76,,,,,,,,
9.528,237,0,71.6,-16.76,,,,,,,,
9.571,238,0,71.6,-16.76,,,,,,,,
9.609,239,0,71.6,-16.76,,,,,,,,
9.652,240,0,71.6,-16.76,,,,,,,,
9.689,241,0,71.6,-16.76,,,,,,,,
9.732,242,0,71.6,-16.76,,,,,,,,
9.769,243,0,71.6,-16.76,,,,,,,,
9.812,244,0,71.6,-16.76,,,,,,,,
9.852,245,0,71.6,-16.76,,,,,,,,
9.895,246,0,71.6,-16.76,,,,,,,,
9.932,247,0,71.6,-16.76,,,,,,,,
9.976,248,0,71.6,-16.76,,,,,,,,
10.013,249,0,71.6,-16.76,,,,,,,,
10.055,250,0,71.6,-16.76,,,,,,,,
10.093,251,0,71.6,-16.76,,,,,,,,
10.148,252,0,71.6,-16.76,,,,,,,,
10.229,253,0,71.6,-16.76,,,,,,,,
10.271,254,0,71.6,-16.76,,,,,,,,
10.309,255,0,71.6,-16.76,,,,,,,,
10.351,256,0,71.6,-16.76,,,,,,,,
10.388,257,0,71.6,-16.76,,,,,,,,
10.446,258,0,71.6,-16.76,,,,,,,,
10.508,259,0,71.6,-16.76,,,,,,,,
10.551,260,0,71.6,-16.76,,,,,,,,
10.588,261,0,71.6,-16.76,,,,,,,,
10.631,262,0,71.6,-16.76,,,,,,,,
10.671,263,0,71.6,-16.76,,,,,,,,
10.724,264,0,71.6,-16.76,,,,,,,,
10.788,265,0,71.6,-16.76,,,,,,,,
10.834,266,0,71.6,-16.76,,,,,,,,
10.873,267,0,71.6,-16.76,,,,,,,,
10.918,268,0,71.6,-16.76,,,,,,,,
10.957,269,0,71.6,-16.76,,,,,,,,
11.023,270,0,71.6,-16.76,,,,,,,,
11.070,271,0,71.6,-16.76,,,,,,,,
11.115,272,0,71.6,-16.76,,,,,,,,
11.153,273,0,71.6,-16.76,,,,,,,,
11.196,274,0,71.6,-16.76,,,,,,,,
11.235,275,0,71.6,-16.76,,,,,,,,
11.311,276,0,71.6,-16.76,,,,,,,,
11.350,277,0,71.6,-16.76,,,,,,,,
11.395,278,0,0.0,0.0,,,,,,,,
11.434,279,0,0.0,0.0,,,,,,,,
11.477,280,0,0.0,0.0,,,,,,,,
11.513,281,0,0.0,0.0,,,,,,,,
11.559,282,0,0.0,0.0,,,,,,,,
11.597,283,0,0.0,0.0,,,,,,,,
11.635,284,0,0.0,0.0,,,,,,,,
11.669,285,0,0.0,0.0,,,,,,,,
11.709,286,0,0.0,0.0,,,,,,,,
11.745,287,0,0.0,0.0,,,,,,,,
11.786,288,0,0.0,0.0,,,,,,,,
11.822,289,0,0.0,0.0,,,,,,,,
11.861,290,0,0.0,0.0,,,,,,,,
11.895,291,0,0.0,0.0,,,,,,,,
11.934,292,0,0.0,0.0,,,,,,,,
11.984,293,0,0.0,0.0,,,,,,,,
12.047,294,0,0.0,0.0,,,,,,,,
12.080,295,0,0.0,0.0,,,,,,,,
12.119,296,0,0.0,0.0,,,,,,,,
12.153,297,0,0.0,0.0,,,,,,,,
12.192,298,0,0.0,0.0,,,,,,,,
12.237,299,0,0.0,0.0,,,,,,,,
12.318,300,0,0.0,0.0,,,,,,,,
12.353,301,0,0.0,0.0,,,,,,,,
12.395,302,0,0.0,0.0,,,,,,,,
12.430,303,0,0.0,0.0,,,,,,,,
12.472,304,0,0.0,0.0,,,,,,,,
12.520,305,0,0.0,0.0,,,,,,,,
12.595,306,0,0.0,0.0,,,,,,,,
12.632,307,0,0.0,0.0,,,,,,,,
12.672,308,0,0.0,0.0,,,,,,,,
12.708,309,0,0.0,0.0,,,,,,,,
12.750,310,0,0.0,0.0,,,,,,,,
12.787,311,0,0.0,0.0,,,,,,,,
12.828,312,0,0.0,0.0,,,,,,,,
12.865,313,0,0.0,0.0,,,,,,,,
12.908,314,0,0.0,0.0,,,,,,,,
12.948,315,1,11.86,-3.44,-237.2,-68.8,-237.2,-68.8,247.0,11.861,-3.438,0
12.998,316,1,23.64,-6.88,-235.5,-68.9,-235.5,-68.9,245.4,11.775,-3.443,0
13.039,317,1,35.33,-10.34,-233.9,-69.2,-233.9,-69.2,243.9,11.695,-3.458,0
13.077,318,0,35.33,-10.34,,,,,,,,
13.113,319,0,35.33,-10.34,,,,,,,,
13.152,320,0,35.33,-10.34,,,,,,,,
13.188,321,0,35.33,-10.34,,,,,,,,
13.230,322,0,35.33,-10.34,,,,,,,,
13.267,323,0,35.33,-10.34,,,,,,,,
13.311,324,0,35.33,-10.34,,,,,,,,
13.351,325,0,35.33,-10.34,,,,,,,,
13.395,326,0,35.33,-10.34,,,,,,,,
13.435,327,0,35.33,-10.34,,,,,,,,
13.481,328,0,35.33,-10.34,,,,,,,,
13.519,329,0,35.33,-10.34,,,,,,,,
13.565,330,0,35.33,-10.34,,,,,,,,
13.604,331,0,35.33,-10.34,,,,,,,,
13.649,332,0,35.33,-10.34,,,,,,,,
13.689,333,0,35.33,-10.34,,,,,,,,
13.733,334,0,35.33,-10.34,,,,,,,,
13.773,335,0,35.33,-10.34,,,,,,,,
13.819,336,0,35.33,-10.34,,,,,,,,
13.859,337,0,35.33,-10.34,,,,,,,,
13.904,338,0,35.33,-10.34,,,,,,,,
13.943,339,0,35.33,-10.34,,,,,,,,
13.989,340,0,35.33,-10.34,,,,,,,,
14.029,341,0,35.33,-10.34,,,,,,,,
14.075,342,0,35.33,-10.34,,,,,,,,
14.113,343,0,35.33,-10.34,,,,,,,,
14.156,344,0,35.33,-10.34,,,,,,,,
14.194,345,0,35.33,-10.34,,,,,,,,
14.239,346,0,35.33,-10.34,,,,,,,,
14.278,347,0,35.33,-10.34,,,,,,,,
14.322,348,0,35.33,-10.34,,,,,,,,
14.360,349,0,35.33,-10.34,,,,,,,,
14.404,350,0,35.33,-10.34,,,,,,,,
14.445,351,0,35.33,-10.34,,,,,,,,
14.490,352,0,35.33,-10.34,,,,,,,,
14.528,353,0,35.33,-10.34,,,,,,,,
14.573,354,0,35.33,-10.34,,,,,,,,
14.612,355,0,35.33,-10.34,,,,,,,,
14.654,356,0,35.33,-10.34,,,,,,,,
14.691,357,0,35.33,-10.34,,,,,,,,
14.733,358,0,35.33,-10.34,,,,,,,,
14.768,359,0,35.33,-10.34,,,,,,,,
14.810,360,0,35.33,-10.34,,,,,,,,
14.846,361,0,35.33,-10.34,,,,,,,,
14.886,362,0,35.33,-10.34,,,,,,,,
14.923,363,0,35.33,-10.34,,,,,,,,
14.966,364,1,45.61,-16.57,-205.5,-124.7,-205.5,-124.7,240.4,10.277,-6.234,0
15.004,365,1,54.79,-22.77,-183.7,-123.9,-183.7,-123.9,221.6,9.183,-6.195,0
15.046,366,1,63.64,-28.89,-177.0,-122.5,-177.0,-122.5,215.2,8.848,-6.125,0
15.083,367,0,63.64,-28.89,,,,,,,,
15.125,368,0,63.64,-28.89,,,,,,,,
15.161,369,0,63.64,-28.89,,,,,,,,
15.202,370,0,63.64,-28.89,,,,,,,,
15.242,371,0,63.64,-28.89,,,,,,,,
15.288,372,0,63.64,-28.89,,,,,,,,
15.331,373,0,63.64,-28.89,,,,,,,,
15.375,374,0,63.64,-28.89,,,,,,,,
15.414,375,0,63.64,-28.89,,,,,,,,
15.459,376,0,63.64,-28.89,,,,,,,,
15.501,377,0,63.64,-28.89,,,,,,,,
15.547,378,0,63.64,-28.89,,,,,,,,
15.588,379,0,63.64,-28.89,,,,,,,,
15.634,380,0,63.64,-28.89,,,,,,,,
15.675,381,0,63.64,-28.89,,,,,,,,
15.721,382,0,63.64,-28.89,,,,,,,,
15.763,383,0,63.64,-28.89,,,,,,,,
15.809,384,0,63.64,-28.89,,,,,,,,
15.850,385,0,63.64,-28.89,,,,,,,,
15.897,386,0,63.64,-28.89,,,,,,,,
15.937,387,0,63.64,-28.89,,,,,,,,
15.987,388,0,63.64,-28.89,,,,,,,,
16.028,389,0,63.64,-28.89,,,,,,,,
16.075,390,0,63.64,-28.89,,,,,,,,
16.115,391,0,63.64,-28.89,,,,,,,,
16.165,392,0,63.64,-28.89,,,,,,,,
16.206,393,0,63.64,-28.89,,,,,,,,
16.253,394,0,63.64,-28.89,,,,,,,,
16.294,395,0,63.64,-28.89,,,,,,,,
16.341,396,0,63.64,-28.89,,,,,,,,
16.383,397,0,63.64,-28.89,,,,,,,,
16.430,398,0,63.64,-28.89,,,,,,,,
16.471,399,0,63.64,-28.89,,,,,,,,
16.518,400,0,63.64,-28.89,,,,,,,,
16.559,401,0,63.64,-28.89,,,,,,,,
16.606,402,0,63.64,-28.89,,,,,,,,
16.648,403,0,63.64,-28.89,,,,,,,,
16.695,404,0,63.64,-28.89,,,,,,,,
16.737,405,0,63.64,-28.89,,,,,,,,
16.784,406,0,63.64,-28.89,,,,,,,,
16.831,407,0,63.64,-28.89,,,,,,,,
16.878,408,0,63.64,-28.89,,,,,,,,
16.919,409,0,63.64,-28.89,,,,,,,,
16.966,410,0,63.64,-28.89,,,,,,,,
17.007,411,0,63.64,-28.89,,,,,,,,
17.054,412,0,63.64,-28.89,,,,,,,,
17.096,413,0,63.64,-28.89,,,,,,,,
17.143,414,0,63.64,-28.89,,,,,,,,
17.187,415,0,63.64,-28.89,,,,,,,,
17.234,416,0,63.64,-28.89,,,,,,,,
17.275,417,0,63.64,-28.89,,,,,,,,
17.320,418,0,63.64,-28.89,,,,,,,,
17.361,419,0,63.64,-28.89,,,,,,,,
17.407,420,0,63.64,-28.89,,,,,,,,
17.448,421,0,63.64,-28.89,,,,,,,,
17.494,422,0,63.64,-28.89,,,,,,,,
17.535,423,0,63.64,-28.89,,,,,,,,
17.581,424,0,63.64,-28.89,,,,,,,,
17.624,425,0,63.64,-28.89,,,,,,,,
17.681,426,0,63.64,-28.89,,,,,,,,
17.724,427,0,63.64,-28.89,,,,,,,,
17.771,428,0,63.64,-28.89,,,,,,,,
17.812,429,0,63.64,-28.89,,,,,,,,
17.859,430,0,63.64,-28.89,,,,,,,,
17.900,431,0,63.64,-28.89,,,,,,,,
17.947,432,0,63.64,-28.89,,,,,,,,
17.988,433,0,63.64,-28.89,,,,,,,,
18.034,434,0,63.64,-28.89,,,,,,,,
18.076,435,0,63.64,-28.89,,,,,,,,
18.124,436,0,63.64,-28.89,,,,,,,,
18.165,437,0,63.64,-28.89,,,,,,,,
18.211,438,0,63.64,-28.89,,,,,,,,
18.254,439,0,63.64,-28.89,,,,,,,,
18.301,440,0,63.64,-28.89,,,,,,,,
18.342,441,0,63.64,-28.89,,,,,,,,
18.391,442,0,63.64,-28.89,,,,,,,,
18.434,443,0,63.64,-28.89,,,,,,,,
18.483,444,0,63.64,-28.89,,,,,,,,
18.524,445,0,63.64,-28.89,,,,,,,,
18.572,446,0,63.64,-28.89,,,,,,,,
18.612,447,0,63.64,-28.89,,,,,,,,
18.660,448,0,63.64,-28.89,,,,,,,,
18.708,449,0,63.64,-28.89,,,,,,,,
18.788,450,0,63.64,-28.89,,,,,,,,
18.831,451,0,63.64,-28.89,,,,,,,,
18.878,452,0,63.64,-28.89,,,,,,,,
18.920,453,0,63.64,-28.89,,,,,,,,
18.985,454,0,63.64,-28.89,,,,,,,,
19.062,455,0,63.64,-28.89,,,,,,,,
19.108,456,0,63.64,-28.89,,,,,,,,
19.150,457,0,63.64,-28.89,,,,,,,,
19.195,458,0,63.64,-28.89,,,,,,,,
19.236,459,0,63.64,-28.89,,,,,,,,
19.288,460,0,63.64,-28.89,,,,,,,,
19.330,461,0,63.64,-28.89,,,,,,,,
19.378,462,0,63.64,-28.89,,,,,,,,
19.419,463,0,63.64,-28.89,,,,,,,,
19.467,464,0,63.64,-28.89,,,,,,,,
19.508,465,0,63.64,-28.89,,,,,,,,
19.555,466,0,63.64,-28.89,,,,,,,,
19.598,467,0,63.64,-28.89,,,,,,,,
19.645,468,0,63.64,-28.89,,,,,,,,
19.686,469,0,63.64,-28.89,,,,,,,,
19.767,470,0,63.64,-28.89,,,,,,,,
19.809,471,0,63.64,-28.89,,,,,,,,
19.855,472,0,63.64,-28.89,,,,,,,,
19.897,473,0,63.64,-28.89,,,,,,,,
19.951,474,0,63.64,-28.89,,,,,,,,
19.992,475,0,63.64,-28.89,,,,,,,,
20.039,476,0,63.64,-28.89,,,,,,,,
20.081,477,0,63.64,-28.89,,,,,,,,
20.128,478,0,0.0,0.0,,,,,,,,
20.169,479,0,0.0,0.0,,,,,,,,
20.214,480,0,0.0,0.0,,,,,,,,
20.250,481,0,0.0,0.0,,,,,,,,
20.288,482,0,0.0,0.0,,,,,,,,
20.326,483,0,0.0,0.0,,,,,,,,
20.364,484,0,0.0,0.0,,,,,,,,
20.402,485,0,0.0,0.0,,,,,,,,
20.444,486,0,0.0,0.0,,,,,,,,
20.484,487,0,0.0,0.0,,,,,,,,
20.526,488,0,0.0,0.0,,,,,,,,
20.565,489,0,0.0,0.0,,,,,,,,
20.606,490,0,0.0,0.0,,,,,,,,
20.644,491,0,0.0,0.0,,,,,,,,
20.686,492,0,0.0,0.0,,,,,,,,
20.724,493,0,0.0,0.0,,,,,,,,
20.766,494,0,0.0,0.0,,,,,,,,
20.803,495,0,0.0,0.0,,,,,,,,
20.846,496,0,0.0,0.0,,,,,,,,
20.883,497,0,0.0,0.0,,,,,,,,
20.926,498,0,0.0,0.0,,,,,,,,
20.962,499,0,0.0,0.0,,,,,,,,
21.002,500,0,0.0,0.0,,,,,,,,
21.047,501,0,0.0,0.0,,,,,,,,
21.090,502,0,0.0,0.0,,,,,,,,
21.129,503,0,0.0,0.0,,,,,,,,
21.172,504,0,0.0,0.0,,,,,,,,
21.209,505,0,0.0,0.0,,,,,,,,
21.258,506,0,0.0,0.0,,,,,,,,
21.295,507,0,0.0,0.0,,,,,,,,
21.338,508,0,0.0,0.0,,,,,,,,
21.375,509,0,0.0,0.0,,,,,,,,
21.416,510,0,0.0,0.0,,,,,,,,
21.452,511,0,0.0,0.0,,,,,,,,
21.494,512,0,0.0,0.0,,,,,,,,
21.530,513,0,0.0,0.0,,,,,,,,
21.573,514,0,0.0,0.0,,,,,,,,
21.610,515,0,0.0,0.0,,,,,,,,
21.652,516,0,0.0,0.0,,,,,,,,
21.690,517,0,0.0,0.0,,,,,,,,
21.730,518,0,0.0,0.0,,,,,,,,
21.769,519,0,0.0,0.0,,,,,,,,
21.811,520,0,0.0,0.0,,,,,,,,
21.847,521,0,0.0,0.0,,,,,,,,
21.896,522,0,0.0,0.0,,,,,,,,
21.932,523,0,0.0,0.0,,,,,,,,
21.977,524,0,0.0,0.0,,,,,,,,
22.016,525,0,0.0,0.0,,,,,,,,
22.061,526,0,0.0,0.0,,,,,,,,
22.124,527,0,0.0,0.0,,,,,,,,
22.177,528,0,0.0,0.0,,,,,,,,
22.213,529,0,0.0,0.0,,,,,,,,
22.257,530,0,0.0,0.0,,,,,,,,
22.294,531,0,0.0,0.0,,,,,,,,
22.336,532,0,0.0,0.0,,,,,,,,
22.400,533,0,0.0,0.0,,,,,,,,
22.455,534,0,0.0,0.0,,,,,,,,
22.493,535,0,0.0,0.0,,,,,,,,
22.536,536,0,0.0,0.0,,,,,,,,
22.574,537,0,0.0,0.0,,,,,,,,
22.617,538,0,0.0,0.0,,,,,,,,
22.693,539,0,0.0,0.0,,,,,,,,
22.734,540,0,0.0,0.0,,,,,,,,
22.770,541,0,0.0,0.0,,,,,,,,
22.811,542,0,0.0,0.0,,,,,,,,
22.850,543,0,0.0,0.0,,,,,,,,
22.892,544,0,0.0,0.0,,,,,,,,
22.934,545,0,0.0,0.0,,,,,,,,
22.977,546,0,0.0,0.0,,,,,,,,
23.014,547,0,0.0,0.0,,,,,,,,
23.055,548,0,0.0,0.0,,,,,,,,
23.091,549,0,0.0,0.0,,,,,,,,
23.133,550,0,0.0,0.0,,,,,,,,
23.170,551,0,0.0,0.0,,,,,,,,
23.213,552,0,0.0,0.0,,,,,,,,
23.250,553,0,0.0,0.0,,,,,,,,
23.292,554,0,0.0,0.0,,,,,,,,
23.330,555,0,0.0,0.0,,,,,,,,
23.373,556,0,0.0,0.0,,,,,,,,
23.409,557,0,0.0,0.0,,,,,,,,
23.453,558,0,0.0,0.0,,,,,,,,
23.491,559,0,0.0,0.0,,,,,,,,
23.531,560,0,0.0,0.0,,,,,,,,
23.571,561,0,0.0,0.0,,,,,,,,
23.613,562,0,0.0,0.0,,,,,,,,
23.649,563,0,0.0,0.0,,,,,,,,
23.692,564,0,0.0,0.0,,,,,,,,
23.731,565,0,0.0,0.0,,,,,,,,
23.775,566,0,0.0,0.0,,,,,,,,
23.812,567,0,0.0,0.0,,,,,,,,
23.856,568,0,0.0,0.0,,,,,,,,
23.893,569,0,0.0,0.0,,,,,,,,
23.936,570,0,0.0,0.0,,,,,,,,
23.973,571,0,0.0,0.0,,,,,,,,
24.015,572,0,0.0,0.0,,,,,,,,
24.051,573,0,0.0,0.0,,,,,,,,
24.092,574,0,0.0,0.0,,,,,,,,
24.129,575,0,0.0,0.0,,,,,,,,
24.177,576,0,0.0,0.0,,,,,,,,
24.215,577,0,0.0,0.0,,,,,,,,
24.257,578,0,0.0,0.0,,,,,,,,
24.294,579,0,0.0,0.0,,,,,,,,
24.335,580,0,0.0,0.0,,,,,,,,
24.371,581,0,0.0,0.0,,,,,,,,
24.413,582,0,0.0,0.0,,,,,,,,
24.452,583,0,0.0,0.0,,,,,,,,
24.495,584,0,0.0,0.0,,,,,,,,
24.532,585,0,0.0,0.0,,,,,,,,
24.574,586,0,0.0,0.0,,,,,,,,
24.611,587,0,0.0,0.0,,,,,,,,
24.650,588,0,0.0,0.0,,,,,,,,
24.687,589,0,0.0,0.0,,,,,,,,
24.729,590,0,0.0,0.0,,,,,,,,
24.770,591,1,11.27,-5.22,-225.4,-104.3,-225.4,-104.3,248.4,11.27,-5.216,0
24.821,592,1,22.39,-10.41,-222.3,-103.9,-222.3,-103.9,245.4,11.116,-5.196,0
24.860,593,1,33.35,-15.75,-219.3,-106.8,-219.3,-106.8,243.9,10.965,-5.341,0
24.900,594,0,33.35,-15.75,,,,,,,,
24.937,595,0,33.35,-15.75,,,,,,,,
24.977,596,0,33.35,-15.75,,,,,,,,
25.016,597,0,33.35,-15.75,,,,,,,,
25.064,598,0,33.35,-15.75,,,,,,,,
25.104,599,0,33.35,-15.75,,,,,,,,
25.151,600,0,33.35,-15.75,,,,,,,,
25.190,601,0,33.35,-15.75,,,,,,,,
25.239,602,0,33.35,-15.75,,,,,,,,
25.281,603,0,33.35,-15.75,,,,,,,,
25.327,604,0,33.35,-15.75,,,,,,,,
25.367,605,0,33.35,-15.75,,,,,,,,
25.419,606,0,33.35,-15.75,,,,,,,,
25.477,607,0,33.35,-15.75,,,,,,,,
25.530,608,0,33.35,-15.75,,,,,,,,
25.571,609,0,33.35,-15.75,,,,,,,,
25.617,610,0,33.35,-15.75,,,,,,,,
25.663,611,0,33.35,-15.75,,,,,,,,
25.709,612,0,33.35,-15.75,,,,,,,,
25.749,613,0,33.35,-15.75,,,,,,,,
25.796,614,0,33.35,-15.75,,,,,,,,
25.837,615,0,33.35,-15.75,,,,,,,,
25.883,616,0,33.35,-15.75,,,,,,,,
25.922,617,0,33.35,-15.75,,,,,,,,
25.967,618,0,33.35,-15.75,,,,,,,,
26.006,619,0,33.35,-15.75,,,,,,,,
26.050,620,0,33.35,-15.75,,,,,,,,
26.093,621,0,33.35,-15.75,,,,,,,,
26.139,622,0,33.35,-15.75,,,,,,,,
26.179,623,0,33.35,-15.75,,,,,,,,
26.227,624,0,33.35,-15.75,,,,,,,,
26.267,625,0,33.35,-15.75,,,,,,,,
26.312,626,0,33.35,-15.75,,,,,,,,
26.353,627,0,33.35,-15.75,,,,,,,,
26.398,628,0,33.35,-15.75,,,,,,,,
26.438,629,0,33.35,-15.75,,,,,,,,
26.484,630,0,33.35,-15.75,,,,,,,,
26.527,631,0,33.35,-15.75,,,,,,,,
26.572,632,0,33.35,-15.75,,,,,,,,
26.614,633,0,33.35,-15.75,,,,,,,,
26.658,634,0,33.35,-15.75,,,,,,,,
26.698,635,0,33.35,-15.75,,,,,,,,
26.745,636,0,33.35,-15.75,,,,,,,,
26.784,637,0,33.35,-15.75,,,,,,,,
26.829,638,0,33.35,-15.75,,,,,,,,
26.870,639,0,33.35,-15.75,,,,,,,,
26.915,640,0,33.35,-15.75,,,,,,,,
26.955,641,0,33.35,-15.75,,,,,,,,
27.000,642,0,33.35,-15.75,,,,,,,,
27.040,643,0,33.35,-15.75,,,,,,,,
27.085,644,0,33.35,-15.75,,,,,,,,
27.125,645,0,33.35,-15.75,,,,,,,,
27.171,646,0,33.35,-15.75,,,,,,,,
27.210,647,0,33.35,-15.75,,,,,,,,
27.256,648,0,33.35,-15.75,,,,,,,,
27.296,649,0,33.35,-15.75,,,,,,,,
27.341,650,0,33.35,-15.75,,,,,,,,
27.382,651,0,33.35,-15.75,,,,,,,,
27.430,652,0,33.35,-15.75,,,,,,,,
27.469,653,0,33.35,-15.75,,,,,,,,
27.515,654,0,33.35,-15.75,,,,,,,,
27.554,655,0,33.35,-15.75,,,,,,,,
27.600,656,0,33.35,-15.75,,,,,,,,
27.641,657,0,33.35,-15.75,,,,,,,,
27.686,658,0,33.35,-15.75,,,,,,,,
27.726,659,0,33.35,-15.75,,,,,,,,
27.771,660,0,33.35,-15.75,,,,,,,,
27.817,661,0,33.35,-15.75,,,,,,,,
27.863,662,0,33.35,-15.75,,,,,,,,
27.902,663,0,33.35,-15.75,,,,,,,,
27.949,664,0,33.35,-15.75,,,,,,,,
27.994,665,0,33.35,-15.75,,,,,,,,
28.041,666,0,33.35,-15.75,,,,,,,,
28.082,667,0,33.35,-15.75,,,,,,,,
28.127,668,0,33.35,-15.75,,,,,,,,
28.169,669,0,33.35,-15.75,,,,,,,,
28.216,670,0,33.35,-15.75,,,,,,,,
28.259,671,0,33.35,-15.75,,,,,,,,
28.305,672,0,33.35,-15.75,,,,,,,,
28.345,673,0,33.35,-15.75,,,,,,,,
28.391,674,0,33.35,-15.75,,,,,,,,
28.433,675,0,33.35,-15.75,,,,,,,,
28.478,676,0,33.35,-15.75,,,,,,,,
28.517,677,0,33.35,-15.75,,,,,,,,
28.561,678,0,33.35,-15.75,,,,,,,,
28.598,679,0,33.35,-15.75,,,,,,,,
28.639,680,0,33.35,-15.75,,,,,,,,
28.676,681,0,33.35,-15.75,,,,,,,,
28.717,682,0,33.35,-15.75,,,,,,,,
28.754,683,0,33.35,-15.75,,,,,,,,
28.798,684,0,33.35,-15.75,,,,,,,,
28.838,685,0,33.35,-15.75,,,,,,,,
28.930,686,0,33.35,-15.75,,,,,,,,
28.968,687,0,33.35,-15.75,,,,,,,,
29.014,688,1,36.81,-21.96,-69.3,-124.1,-69.3,-124.1,142.1,3.464,-6.205,0
29.057,689,1,40.16,-28.09,-66.9,-122.7,-66.9,-122.7,139.8,3.344,-6.136,0
29.102,690,1,43.55,-33.97,-67.8,-117.5,-67.8,-117.5,135.7,3.391,-5.877,0
29.145,691,0,43.55,-33.97,,,,,,,,
29.185,692,0,43.55,-33.97,,,,,,,,
29.222,693,0,43.55,-33.97,,,,,,,,
29.264,694,0,43.55,-33.97,,,,,,,,
29.300,695,0,43.55,-33.97,,,,,,,,
29.347,696,0,43.55,-33.97,,,,,,,,
29.388,697,0,43.55,-33.97,,,,,,,,
29.433,698,0,43.55,-33.97,,,,,,,,
29.475,699,0,43.55,-33.97,,,,,,,,
29.521,700,0,43.55,-33.97,,,,,,,,
29.562,701,0,43.55,-33.97,,,,,,,,
29.607,702,0,43.55,-33.97,,,,,,,,
29.648,703,0,43.55,-33.97,,,,,,,,
29.693,704,0,43.55,-33.97,,,,,,,,
29.734,705,0,43.55,-33.97,,,,,,,,
29.785,706,0,43.55,-33.97,,,,,,,,
29.828,707,0,43.55,-33.97,,,,,,,,
29.874,708,0,43.55,-33.97,,,,,,,,
29.915,709,0,43.55,-33.97,,,,,,,,
29.963,710,0,43.55,-33.97,,,,,,,,
30.005,711,0,43.55,-33.97,,,,,,,,
30.051,712,0,43.55,-33.97,,,,,,,,
30.092,713,0,43.55,-33.97,,,,,,,,
30.138,714,0,43.55,-33.97,,,,,,,,
30.179,715,0,43.55,-33.97,,,,,,,,
30.224,716,0,43.55,-33.97,,,,,,,,
30.265,717,0,43.55,-33.97,,,,,,,,
30.311,718,0,43.55,-33.97,,,,,,,,
30.351,719,0,43.55,-33.97,,,,,,,,
30.398,720,0,43.55,-33.97,,,,,,,,
30.438,721,0,43.55,-33.97,,,,,,,,
30.484,722,0,43.55,-33.97,,,,,,,,
30.525,723,0,43.55,-33.97,,,,,,,,
30.569,724,0,43.55,-33.97,,,,,,,,
30.611,725,0,43.55,-33.97,,,,,,,,
30.658,726,0,43.55,-33.97,,,,,,,,
30.697,727,0,43.55,-33.97,,,,,,,,
30.743,728,0,43.55,-33.97,,,,,,,,
